"id","segment_uid","free_flow_travel_time_seconds","true_driving_distance_meters","collected_at_utc","updated_at"
138338,"TAMBARAM_GUINDY_009",67.000,477.000,"2026-07-31 06:45:07.526913+00","2026-07-31 06:45:07.527165+00"
138337,"PUZHAL_CENTRAL_ATGRADE_003",528.000,3502.000,"2026-07-31 06:45:04.177917+00","2026-07-31 06:45:04.178161+00"
138336,"PALLAVARAM_THORAIPAKKAM_004",78.000,768.000,"2026-07-31 06:45:04.12527+00","2026-07-31 06:45:04.125652+00"
138335,"TAMBARAM_GUINDY_007",49.000,291.000,"2026-07-31 06:45:04.106024+00","2026-07-31 06:45:04.106276+00"
138334,"PUZHAL_CENTRAL_023",33.000,209.000,"2026-07-31 06:45:03.943743+00","2026-07-31 06:45:03.94406+00"
138333,"PALLAVARAM_THORAIPAKKAM_006",113.000,1131.000,"2026-07-31 06:45:03.922108+00","2026-07-31 06:45:03.922264+00"
138332,"THORAIPAKKAM_PALLAVARM_AT_GRADE_002",175.000,1507.000,"2026-07-31 06:45:03.919987+00","2026-07-31 06:45:03.920158+00"
138331,"THORAIPAKKAM_PALLAVARM_AT_GRADE_001",92.000,513.000,"2026-07-31 06:45:03.91445+00","2026-07-31 06:45:03.914638+00"
138330,"THORAIPAKKAM_PALLAVARM_004",140.000,1224.000,"2026-07-31 06:45:03.913818+00","2026-07-31 06:45:03.91396+00"
138329,"THORAIPAKKAM_PALLAVARM_010",55.000,539.000,"2026-07-31 06:45:03.913042+00","2026-07-31 06:45:03.913183+00"
138328,"THORAIPAKKAM_PALLAVARM_007",77.000,763.000,"2026-07-31 06:45:03.912151+00","2026-07-31 06:45:03.912299+00"
138327,"THORAIPAKKAM_PALLAVARM_005",114.000,1140.000,"2026-07-31 06:45:03.910722+00","2026-07-31 06:45:03.910872+00"
138326,"THORAIPAKKAM_PALLAVARM_009",108.000,1114.000,"2026-07-31 06:45:03.910354+00","2026-07-31 06:45:03.910501+00"
138325,"PALLAVARAM_THORAIPAKKAM_AT_GRADE_001",57.000,438.000,"2026-07-31 06:45:03.908635+00","2026-07-31 06:45:03.908858+00"
138324,"THORAIPAKKAM_PALLAVARM_003",99.000,1137.000,"2026-07-31 06:45:03.90805+00","2026-07-31 06:45:03.908189+00"
138323,"THORAIPAKKAM_PALLAVARM_008",184.000,1712.000,"2026-07-31 06:45:03.907431+00","2026-07-31 06:45:03.907574+00"
138322,"PALLAVARAM_THORAIPAKKAM_009",93.000,1136.000,"2026-07-31 06:45:03.903954+00","2026-07-31 06:45:03.904133+00"
138321,"THORAIPAKKAM_PALLAVARM_006",64.000,789.000,"2026-07-31 06:45:03.903294+00","2026-07-31 06:45:03.903456+00"
138320,"PALLAVARAM_THORAIPAKKAM_008",101.000,1135.000,"2026-07-31 06:45:03.903005+00","2026-07-31 06:45:03.903152+00"
138319,"PALLAVARAM_THORAIPAKKAM_003",178.000,1713.000,"2026-07-31 06:45:03.902349+00","2026-07-31 06:45:03.902585+00"
138318,"THORAIPAKKAM_PALLAVARM_001",123.000,1033.000,"2026-07-31 06:45:03.90213+00","2026-07-31 06:45:03.902302+00"
138317,"THORAIPAKKAM_PALLAVARM_002",98.000,1138.000,"2026-07-31 06:45:03.901843+00","2026-07-31 06:45:03.902024+00"
138316,"PALLAVARAM_THORAIPAKKAM_AT_GRADE_002",51.000,351.000,"2026-07-31 06:45:03.90074+00","2026-07-31 06:45:03.900938+00"
138315,"PALLAVARAM_THORAIPAKKAM_010",128.000,1042.000,"2026-07-31 06:45:03.899546+00","2026-07-31 06:45:03.89974+00"
138314,"PALLAVARAM_THORAIPAKKAM_007",135.000,1222.000,"2026-07-31 06:45:03.892621+00","2026-07-31 06:45:03.892817+00"
138313,"PALLAVARAM_THORAIPAKKAM_005",64.000,794.000,"2026-07-31 06:45:03.891915+00","2026-07-31 06:45:03.892138+00"
138312,"PUZHAL_CENTRAL_022",29.000,207.000,"2026-07-31 06:45:03.85368+00","2026-07-31 06:45:03.857429+00"
138311,"CENTRAL_PUZHAL_006",27.000,207.000,"2026-07-31 06:45:03.727688+00","2026-07-31 06:45:03.857151+00"
138310,"CENTRAL_PUZHAL_ATGRADE_003",57.000,561.000,"2026-07-31 06:45:03.813883+00","2026-07-31 06:45:03.856369+00"
138309,"CENTRAL_PUZHAL_022",54.000,478.000,"2026-07-31 06:45:03.813123+00","2026-07-31 06:45:03.85619+00"
138308,"LITTLEMOUNT_KILAMBAKKAM_019",88.000,663.000,"2026-07-31 06:45:03.072436+00","2026-07-31 06:45:03.855879+00"
138307,"CENTRAL_PUZHAL_007",39.000,301.000,"2026-07-31 06:45:03.743338+00","2026-07-31 06:45:03.855625+00"
138306,"TAMBARAM_GUINDY_017",18.000,183.000,"2026-07-31 06:45:03.729418+00","2026-07-31 06:45:03.855226+00"
138305,"TAMBARAM_GUINDY_014",50.000,399.000,"2026-07-31 06:45:03.729+00","2026-07-31 06:45:03.852955+00"
138304,"CENTRAL_PUZHAL_018",78.000,589.000,"2026-07-31 06:45:03.729227+00","2026-07-31 06:45:03.852529+00"
138303,"TAMBARAM_GUINDY_037",141.000,736.000,"2026-07-31 06:45:03.729118+00","2026-07-31 06:45:03.852224+00"
138302,"CENTRAL_PUZHAL_014",29.000,211.000,"2026-07-31 06:45:03.728887+00","2026-07-31 06:45:03.851303+00"
138301,"TAMBARAM_GUINDY_033",40.000,320.000,"2026-07-31 06:45:03.72874+00","2026-07-31 06:45:03.85041+00"
138300,"PUZHAL_CENTRAL_012",22.000,164.000,"2026-07-31 06:45:03.832158+00","2026-07-31 06:45:03.850065+00"
138299,"CENTRAL_PUZHAL_015",46.000,349.000,"2026-07-31 06:45:03.728312+00","2026-07-31 06:45:03.849885+00"
138298,"CENTRAL_PUZHAL_008",43.000,241.000,"2026-07-31 06:45:03.728183+00","2026-07-31 06:45:03.849681+00"
138297,"TAMBARAM_GUINDY_029",71.000,713.000,"2026-07-31 06:45:03.728065+00","2026-07-31 06:45:03.849484+00"
138296,"PUZHAL_CENTRAL_019",41.000,260.000,"2026-07-31 06:45:03.829499+00","2026-07-31 06:45:03.84909+00"
138295,"PUZHAL_CENTRAL_020",275.000,1523.000,"2026-07-31 06:45:03.829343+00","2026-07-31 06:45:03.848905+00"
138294,"CENTRAL_PUZHAL_ATGRADE_001",155.000,1035.000,"2026-07-31 06:45:03.829259+00","2026-07-31 06:45:03.848715+00"
138293,"PALLAVARAM_THORAIPAKKAM_001",56.000,538.000,"2026-07-31 06:45:03.829191+00","2026-07-31 06:45:03.848519+00"
138292,"PUZHAL_CENTRAL_007",37.000,378.000,"2026-07-31 06:45:03.829122+00","2026-07-31 06:45:03.848331+00"
138291,"PUZHAL_CENTRAL_ATGRADE_001",51.000,336.000,"2026-07-31 06:45:03.829032+00","2026-07-31 06:45:03.847893+00"
138290,"PUZHAL_CENTRAL_013",45.000,355.000,"2026-07-31 06:45:03.828893+00","2026-07-31 06:45:03.847476+00"
138289,"PUZHAL_CENTRAL_010",97.000,578.000,"2026-07-31 06:45:03.828729+00","2026-07-31 06:45:03.847286+00"
138288,"PUZHAL_CENTRAL_009",66.000,695.000,"2026-07-31 06:45:03.828616+00","2026-07-31 06:45:03.847076+00"
138287,"PUZHAL_CENTRAL_006",55.000,476.000,"2026-07-31 06:45:03.82819+00","2026-07-31 06:45:03.846875+00"
138286,"PUZHAL_CENTRAL_024",65.000,351.000,"2026-07-31 06:45:03.828094+00","2026-07-31 06:45:03.846213+00"
138285,"PUZHAL_CENTRAL_003",61.000,592.000,"2026-07-31 06:45:03.827946+00","2026-07-31 06:45:03.84603+00"
138284,"TAMBARAM_GUINDY_023",17.000,129.000,"2026-07-31 06:45:03.72795+00","2026-07-31 06:45:03.84581+00"
138283,"CENTRAL_PUZHAL_ATGRADE_004",45.000,400.000,"2026-07-31 06:45:03.822327+00","2026-07-31 06:45:03.845577+00"
138282,"PUZHAL_CENTRAL_001",51.000,301.000,"2026-07-31 06:45:03.822165+00","2026-07-31 06:45:03.845202+00"
138281,"PUZHAL_CENTRAL_016",144.000,745.000,"2026-07-31 06:45:03.821994+00","2026-07-31 06:45:03.844994+00"
138280,"CENTRAL_PUZHAL_025",67.000,599.000,"2026-07-31 06:45:03.820945+00","2026-07-31 06:45:03.8446+00"
138279,"PUZHAL_CENTRAL_004",45.000,178.000,"2026-07-31 06:45:03.821842+00","2026-07-31 06:45:03.844235+00"
138278,"CENTRAL_PUZHAL_ATGRADE_002",284.000,1694.000,"2026-07-31 06:45:03.821693+00","2026-07-31 06:45:03.843666+00"
138277,"PUZHAL_CENTRAL_015",60.000,396.000,"2026-07-31 06:45:03.821251+00","2026-07-31 06:45:03.84347+00"
138276,"CENTRAL_PUZHAL_027",59.000,302.000,"2026-07-31 06:45:03.821117+00","2026-07-31 06:45:03.843102+00"
138275,"PUZHAL_CENTRAL_005",167.000,1329.000,"2026-07-31 06:45:03.817529+00","2026-07-31 06:45:03.842807+00"
138274,"CENTRAL_PUZHAL_020",29.000,270.000,"2026-07-31 06:45:03.81729+00","2026-07-31 06:45:03.842256+00"
138273,"PUZHAL_CENTRAL_002",122.000,1420.000,"2026-07-31 06:45:03.817119+00","2026-07-31 06:45:03.841928+00"
138272,"TAMBARAM_GUINDY_034",147.000,1081.000,"2026-07-31 06:45:03.727828+00","2026-07-31 06:45:03.841712+00"
138271,"PUZHAL_CENTRAL_021",48.000,305.000,"2026-07-31 06:45:03.839589+00","2026-07-31 06:45:03.840124+00"
138270,"CENTRAL_PUZHAL_026",136.000,1422.000,"2026-07-31 06:45:03.813377+00","2026-07-31 06:45:03.839811+00"
138269,"CENTRAL_PUZHAL_024",40.000,171.000,"2026-07-31 06:45:03.813261+00","2026-07-31 06:45:03.839597+00"
138268,"PUZHAL_CENTRAL_ATGRADE_004",66.000,384.000,"2026-07-31 06:45:03.838386+00","2026-07-31 06:45:03.839237+00"
138267,"TAMBARAM_GUINDY_011",71.000,605.000,"2026-07-31 06:45:03.741654+00","2026-07-31 06:45:03.838494+00"
138266,"LITTLEMOUNT_KILAMBAKKAM_018",82.000,741.000,"2026-07-31 06:45:03.072348+00","2026-07-31 06:45:03.838302+00"
138265,"LITTLEMOUNT_KILAMBAKKAM_016",97.000,972.000,"2026-07-31 06:45:03.072281+00","2026-07-31 06:45:03.838077+00"
138264,"CENTRAL_PUZHAL_005",30.000,211.000,"2026-07-31 06:45:03.729863+00","2026-07-31 06:45:03.8379+00"
138263,"CENTRAL_PUZHAL_017",40.000,246.000,"2026-07-31 06:45:03.729692+00","2026-07-31 06:45:03.837661+00"
138262,"TAMBARAM_GUINDY_026",37.000,183.000,"2026-07-31 06:45:03.729534+00","2026-07-31 06:45:03.837337+00"
138261,"PUZHAL_CENTRAL_ATGRADE_005",587.000,4026.000,"2026-07-31 06:45:03.836212+00","2026-07-31 06:45:03.836537+00"
138260,"PUZHAL_CENTRAL_008",28.000,272.000,"2026-07-31 06:45:03.835834+00","2026-07-31 06:45:03.836336+00"
138259,"CENTRAL_PUZHAL_011",46.000,235.000,"2026-07-31 06:45:03.835523+00","2026-07-31 06:45:03.835675+00"
138258,"CENTRAL_PUZHAL_012",106.000,684.000,"2026-07-31 06:45:03.728634+00","2026-07-31 06:45:03.835557+00"
138257,"CENTRAL_PUZHAL_013",57.000,398.000,"2026-07-31 06:45:03.728531+00","2026-07-31 06:45:03.835284+00"
138256,"TAMBARAM_GUINDY_032",58.000,405.000,"2026-07-31 06:45:03.728424+00","2026-07-31 06:45:03.835044+00"
138255,"PUZHAL_CENTRAL_025",23.000,102.000,"2026-07-31 06:45:03.833832+00","2026-07-31 06:45:03.834116+00"
138254,"PUZHAL_CENTRAL_ATGRADE_002",65.000,360.000,"2026-07-31 06:45:03.833553+00","2026-07-31 06:45:03.833716+00"
138253,"PUZHAL_CENTRAL_026",88.000,540.000,"2026-07-31 06:45:03.83329+00","2026-07-31 06:45:03.833463+00"
138252,"CENTRAL_PUZHAL_021",38.000,379.000,"2026-07-31 06:45:03.832937+00","2026-07-31 06:45:03.833099+00"
138251,"PUZHAL_CENTRAL_017",49.000,224.000,"2026-07-31 06:45:03.832662+00","2026-07-31 06:45:03.832858+00"
138250,"PALLAVARAM_THORAIPAKKAM_002",101.000,1109.000,"2026-07-31 06:45:03.832384+00","2026-07-31 06:45:03.832543+00"
138249,"PUZHAL_CENTRAL_018",137.000,1303.000,"2026-07-31 06:45:03.828309+00","2026-07-31 06:45:03.828469+00"
138248,"PUZHAL_CENTRAL_011",49.000,245.000,"2026-07-31 06:45:03.827599+00","2026-07-31 06:45:03.827804+00"
138247,"PUZHAL_CENTRAL_014",28.000,206.000,"2026-07-31 06:45:03.827262+00","2026-07-31 06:45:03.827426+00"
138246,"PUZHAL_CENTRAL_027",82.000,524.000,"2026-07-31 06:45:03.821425+00","2026-07-31 06:45:03.8216+00"
138245,"CENTRAL_PUZHAL_010",128.000,1378.000,"2026-07-31 06:45:03.727561+00","2026-07-31 06:45:03.815075+00"
138244,"CENTRAL_PUZHAL_019",59.000,685.000,"2026-07-31 06:45:03.813533+00","2026-07-31 06:45:03.813695+00"
138243,"CENTRAL_PUZHAL_023",141.000,1325.000,"2026-07-31 06:45:03.812645+00","2026-07-31 06:45:03.812814+00"
138242,"TAMBARAM_GUINDY_028",32.000,251.000,"2026-07-31 06:45:03.727427+00","2026-07-31 06:45:03.812025+00"
138241,"TAMBARAM_GUINDY_031",98.000,1020.000,"2026-07-31 06:45:03.727249+00","2026-07-31 06:45:03.812008+00"
138240,"CENTRAL_PUZHAL_003",24.000,102.000,"2026-07-31 06:45:03.727132+00","2026-07-31 06:45:03.811674+00"
138239,"TAMBARAM_GUINDY_038",139.000,1170.000,"2026-07-31 06:45:03.727015+00","2026-07-31 06:45:03.811212+00"
