"segment_uid","corridor_name","placement_type","sequence_order","segment_length_meters","start_lat","start_lon","end_lat","end_lon","midpoint_lat","midpoint_lon","topology_flipped","continuity_status","road_width_lanes","has_fixed_median","created_at","updated_at"
"BROADWAY_KOYEMBEDU_001","EVR Salai","EVR Salai",1,380.630,13.08498000,80.28370000,13.08217389,80.28170299,13.08362229,80.28265091,False,"Continuous",NULL,0,"2026-07-08 11:48:43.798487+00","2026-07-08 11:48:43.797979+00"
"BROADWAY_KOYEMBEDU_002","EVR Salai","EVR Salai",2,349.670,13.08217389,80.28170299,13.08204031,80.27851290,13.08218385,80.28011835,False,"Continuous",NULL,0,"2026-07-08 11:48:43.798487+00","2026-07-08 11:48:43.79798+00"
"BROADWAY_KOYEMBEDU_003","EVR Salai","EVR Salai",3,237.900,13.08204031,80.27851290,13.08178035,80.27633518,13.08192335,80.27742234,False,"Continuous",NULL,0,"2026-07-08 11:48:43.798487+00","2026-07-08 11:48:43.797981+00"
"BROADWAY_KOYEMBEDU_004","EVR Salai","EVR Salai",4,126.250,13.08178035,80.27633518,13.08163177,80.27518237,13.08168660,80.27576171,False,"Continuous",NULL,0,"2026-07-08 11:48:43.798487+00","2026-07-08 11:48:43.797982+00"
"BROADWAY_KOYEMBEDU_005","EVR Salai","EVR Salai",5,459.250,13.08163177,80.27518237,13.08091703,80.27102406,13.08139084,80.27308230,False,"Continuous",NULL,0,"2026-07-08 11:48:43.798487+00","2026-07-08 11:48:43.797982+00"
"BROADWAY_KOYEMBEDU_006","EVR Salai","EVR Salai",6,634.050,13.08091703,80.27102406,13.08072055,80.26519872,13.08071204,80.26812032,False,"Continuous",NULL,0,"2026-07-08 11:48:43.798487+00","2026-07-08 11:48:43.797983+00"
"BROADWAY_KOYEMBEDU_007","EVR Salai","EVR Salai",7,271.410,13.08072055,80.26519872,13.08021039,80.26275288,13.08048232,80.26397159,False,"Continuous",NULL,0,"2026-07-08 11:48:43.798487+00","2026-07-08 11:48:43.797984+00"
"BROADWAY_KOYEMBEDU_008","EVR Salai","EVR Salai",8,446.480,13.08021039,80.26275288,13.07935103,80.25874989,13.07965024,80.26078309,False,"Continuous",NULL,0,"2026-07-08 11:48:43.798487+00","2026-07-08 11:48:43.797985+00"
"BROADWAY_KOYEMBEDU_009","EVR Salai","EVR Salai",9,233.220,13.07935103,80.25874989,13.07909162,80.25661889,13.07925096,80.25767955,False,"Continuous",NULL,0,"2026-07-08 11:48:43.798487+00","2026-07-08 11:48:43.797985+00"
"BROADWAY_KOYEMBEDU_010","EVR Salai","EVR Salai",10,208.270,13.07909162,80.25661889,13.07890017,80.25471184,13.07901788,80.25566460,False,"Continuous",NULL,0,"2026-07-08 11:48:43.798487+00","2026-07-08 11:48:43.797986+00"
"BROADWAY_KOYEMBEDU_011","EVR Salai","EVR Salai",11,331.660,13.07890017,80.25471184,13.07879960,80.25167111,13.07875702,80.25319654,False,"Continuous",NULL,0,"2026-07-08 11:48:43.798487+00","2026-07-08 11:48:43.797987+00"
"BROADWAY_KOYEMBEDU_012","EVR Salai","EVR Salai",12,165.030,13.07879960,80.25167111,13.07874996,80.25014976,13.07877368,80.25091048,False,"Continuous",NULL,0,"2026-07-08 11:48:43.798487+00","2026-07-08 11:48:43.79799+00"
"BROADWAY_KOYEMBEDU_013","EVR Salai","EVR Salai",13,629.670,13.07874996,80.25014976,13.07782000,80.24443000,13.07821172,80.24729859,False,"Continuous",NULL,0,"2026-07-08 11:48:43.798487+00","2026-07-08 11:48:43.797991+00"
"BROADWAY_KOYEMBEDU_014","EVR Salai","EVR Salai",14,413.670,13.07782000,80.24443000,13.07721668,80.24067343,13.07761131,80.24253657,False,"Continuous",NULL,0,"2026-07-08 11:48:43.798487+00","2026-07-08 11:48:43.797991+00"
"BROADWAY_KOYEMBEDU_015","EVR Salai","EVR Salai",15,285.300,13.07721668,80.24067343,13.07664310,80.23811210,13.07695819,80.23938750,False,"Continuous",NULL,0,"2026-07-08 11:48:43.798487+00","2026-07-08 11:48:43.797992+00"
"BROADWAY_KOYEMBEDU_016","EVR Salai","EVR Salai",16,461.390,13.07664310,80.23811210,13.07578368,80.23395157,13.07624656,80.23602593,False,"Continuous",NULL,0,"2026-07-08 11:48:43.798487+00","2026-07-08 11:48:43.797993+00"
"BROADWAY_KOYEMBEDU_017","EVR Salai","EVR Salai",17,212.920,13.07578368,80.23395157,13.07526557,80.23206463,13.07557768,80.23299301,False,"Continuous",NULL,0,"2026-07-08 11:48:43.798487+00","2026-07-08 11:48:43.797994+00"
"BROADWAY_KOYEMBEDU_018","EVR Salai","EVR Salai",18,819.310,13.07526557,80.23206463,13.07398163,80.22474802,13.07407541,80.22850172,False,"Continuous",NULL,0,"2026-07-08 11:48:43.798487+00","2026-07-08 11:48:43.797995+00"
"BROADWAY_KOYEMBEDU_019","EVR Salai","EVR Salai",19,413.930,13.07398163,80.22474802,13.07439000,80.22096000,13.07412308,80.22284527,False,"Continuous",NULL,0,"2026-07-08 11:48:43.798487+00","2026-07-08 11:48:43.797996+00"
"BROADWAY_KOYEMBEDU_020","EVR Salai","EVR Salai",20,330.330,13.07439000,80.22096000,13.07489016,80.21795823,13.07465336,80.21946055,False,"Continuous",NULL,0,"2026-07-08 11:48:43.798487+00","2026-07-08 11:48:43.797997+00"
"BROADWAY_KOYEMBEDU_021","EVR Salai","EVR Salai",21,212.190,13.07489016,80.21795823,13.07512834,80.21601743,13.07502764,80.21699004,False,"Continuous",NULL,0,"2026-07-08 11:48:43.798487+00","2026-07-08 11:48:43.797997+00"
"BROADWAY_KOYEMBEDU_022","EVR Salai","EVR Salai",22,511.180,13.07512834,80.21601743,13.07695063,80.21176457,13.07574541,80.21376919,False,"Continuous",NULL,0,"2026-07-08 11:48:43.798487+00","2026-07-08 11:48:43.797998+00"
"BROADWAY_KOYEMBEDU_023","EVR Salai","EVR Salai",23,120.450,13.07695063,80.21176457,13.07711036,80.21066695,13.07703938,80.21121746,False,"Continuous",NULL,0,"2026-07-08 11:48:43.798487+00","2026-07-08 11:48:43.797999+00"
"BROADWAY_KOYEMBEDU_024","EVR Salai","EVR Salai",24,1006.090,13.07711036,80.21066695,13.07625957,80.20149520,13.07691163,80.20605366,False,"Continuous",NULL,0,"2026-07-08 11:48:43.798487+00","2026-07-08 11:48:43.798+00"
"BROADWAY_KOYEMBEDU_025","EVR Salai","EVR Salai",25,538.250,13.07625957,80.20149520,13.07540232,80.19666389,13.07603586,80.19906083,False,"Continuous",NULL,0,"2026-07-08 11:48:43.798487+00","2026-07-08 11:48:43.798001+00"
"BROADWAY_KOYEMBEDU_026","EVR Salai","EVR Salai",26,269.270,13.07540232,80.19666389,13.07437000,80.19446000,13.07505312,80.19547953,False,"Continuous",NULL,0,"2026-07-08 11:48:43.798487+00","2026-07-08 11:48:43.798002+00"
"CENTRAL_PUZHAL_001","Puzhal-Central","Puzhal-Central",1,523.950,13.08194000,80.27624000,13.08664296,80.27565970,13.08429115,80.27594777,False,"Continuous",NULL,0,"2026-07-08 11:48:43.798487+00","2026-07-08 11:48:43.798098+00"
"CENTRAL_PUZHAL_002","Puzhal-Central","Puzhal-Central",2,538.530,13.08664296,80.27565970,13.09148655,80.27517150,13.08906232,80.27538274,False,"Continuous",NULL,0,"2026-07-08 11:48:43.798487+00","2026-07-08 11:48:43.798098+00"
"CENTRAL_PUZHAL_003","Puzhal-Central","Puzhal-Central",3,99.800,13.09148655,80.27517150,13.09238763,80.27521751,13.09193711,80.27519448,False,"Continuous",NULL,0,"2026-07-08 11:48:43.798487+00","2026-07-08 11:48:43.798099+00"
"CENTRAL_PUZHAL_004","Puzhal-Central","Puzhal-Central",4,351.010,13.09238763,80.27521751,13.09556094,80.27518000,13.09397408,80.27519000,False,"Continuous",NULL,0,"2026-07-08 11:48:43.798487+00","2026-07-08 11:48:43.7981+00"
"CENTRAL_PUZHAL_005","Puzhal-Central","Puzhal-Central",5,208.340,13.09556094,80.27518000,13.09744389,80.27518000,13.09650215,80.27516634,False,"Continuous",NULL,0,"2026-07-08 11:48:43.798487+00","2026-07-08 11:48:43.7981+00"
"CENTRAL_PUZHAL_006","Puzhal-Central","Puzhal-Central",6,206.260,13.09744389,80.27518000,13.09930799,80.27516000,13.09837633,80.27519000,False,"Continuous",NULL,0,"2026-07-08 11:48:43.798487+00","2026-07-08 11:48:43.798101+00"
"CENTRAL_PUZHAL_007","Puzhal-Central","Puzhal-Central",7,300.490,13.09930799,80.27516000,13.10189816,80.27439082,13.10063715,80.27489889,False,"Continuous",NULL,0,"2026-07-08 11:48:43.798487+00","2026-07-08 11:48:43.798102+00"
"CENTRAL_PUZHAL_008","Puzhal-Central","Puzhal-Central",8,241.460,13.10189816,80.27439082,13.10389952,80.27351679,13.10288974,80.27392648,False,"Continuous",NULL,0,"2026-07-08 11:48:43.798487+00","2026-07-08 11:48:43.798104+00"
"CENTRAL_PUZHAL_009","Puzhal-Central","Puzhal-Central",9,260.010,13.10389952,80.27351679,13.10447819,80.27135463,13.10390267,80.27236917,False,"Continuous",NULL,0,"2026-07-08 11:48:43.798487+00","2026-07-08 11:48:43.798105+00"
"CENTRAL_PUZHAL_010","Puzhal-Central","Puzhal-Central",10,1375.710,13.10447819,80.27135463,13.11411040,80.26357516,13.10910572,80.26721881,False,"Continuous",NULL,0,"2026-07-08 11:48:43.798487+00","2026-07-08 11:48:43.798106+00"
"CENTRAL_PUZHAL_011","Puzhal-Central","Puzhal-Central",11,234.850,13.11411040,80.26357516,13.11426097,80.26142032,13.11423716,80.26249990,False,"Continuous",NULL,0,"2026-07-08 11:48:43.798487+00","2026-07-08 11:48:43.798107+00"
"CENTRAL_PUZHAL_012","Puzhal-Central","Puzhal-Central",12,682.350,13.11426097,80.26142032,13.11837419,80.25935616,13.11728890,80.26203430,False,"Continuous",NULL,0,"2026-07-08 11:48:43.798487+00","2026-07-08 11:48:43.798107+00"
"CENTRAL_PUZHAL_013","Puzhal-Central","Puzhal-Central",13,398.750,13.11837419,80.25935616,13.11942338,80.25586254,13.11874722,80.25755875,False,"Continuous",NULL,0,"2026-07-08 11:48:43.798487+00","2026-07-08 11:48:43.798108+00"
"CENTRAL_PUZHAL_014","Puzhal-Central","Puzhal-Central",14,210.830,13.11942338,80.25586254,13.12060748,80.25435252,13.11994636,80.25505364,False,"Continuous",NULL,0,"2026-07-08 11:48:43.798487+00","2026-07-08 11:48:43.798109+00"
"CENTRAL_PUZHAL_015","Puzhal-Central","Puzhal-Central",15,349.590,13.12060748,80.25435252,13.12192325,80.25148747,13.12145642,80.25302320,False,"Continuous",NULL,0,"2026-07-08 11:48:43.798487+00","2026-07-08 11:48:43.798109+00"
"CENTRAL_PUZHAL_016","Puzhal-Central","Puzhal-Central",16,164.910,13.12192325,80.25148747,13.12248196,80.25007753,13.12220946,80.25078496,False,"Continuous",NULL,0,"2026-07-08 11:48:43.798487+00","2026-07-08 11:48:43.79811+00"
"CENTRAL_PUZHAL_017","Puzhal-Central","Puzhal-Central",17,246.130,13.12248196,80.25007753,13.12364035,80.24816963,13.12292980,80.24904624,False,"Continuous",NULL,0,"2026-07-08 11:48:43.798487+00","2026-07-08 11:48:43.798111+00"
"CENTRAL_PUZHAL_018","Puzhal-Central","Puzhal-Central",18,588.400,13.12364035,80.24816963,13.12712178,80.24407737,13.12545752,80.24618870,False,"Continuous",NULL,0,"2026-07-08 11:48:43.798487+00","2026-07-08 11:48:43.798111+00"
"CENTRAL_PUZHAL_019","Puzhal-Central","Puzhal-Central",19,685.160,13.12712178,80.24407737,13.13077459,80.23897483,13.12892233,80.24150809,False,"Continuous",NULL,0,"2026-07-08 11:48:43.798487+00","2026-07-08 11:48:43.798112+00"
"CENTRAL_PUZHAL_020","Puzhal-Central","Puzhal-Central",20,270.200,13.13077459,80.23897483,13.13218836,80.23694246,13.13148969,80.23796434,False,"Continuous",NULL,0,"2026-07-08 11:48:43.798487+00","2026-07-08 11:48:43.798113+00"
"CENTRAL_PUZHAL_021","Puzhal-Central","Puzhal-Central",21,380.560,13.13218836,80.23694246,13.13421817,80.23410978,13.13322196,80.23553905,False,"Continuous",NULL,0,"2026-07-08 11:48:43.798487+00","2026-07-08 11:48:43.798114+00"
"CENTRAL_PUZHAL_022","Puzhal-Central","Puzhal-Central",22,476.010,13.13421817,80.23410978,13.13684827,80.23063508,13.13553345,80.23237206,False,"Continuous",NULL,0,"2026-07-08 11:48:43.798487+00","2026-07-08 11:48:43.798114+00"
"CENTRAL_PUZHAL_023","Puzhal-Central","Puzhal-Central",23,1323.810,13.13684827,80.23063508,13.14398126,80.22083496,13.14044765,80.22575707,False,"Continuous",NULL,0,"2026-07-08 11:48:43.798487+00","2026-07-08 11:48:43.798115+00"
"CENTRAL_PUZHAL_024","Puzhal-Central","Puzhal-Central",24,171.550,13.14398126,80.22083496,13.14465578,80.21960269,13.14405147,80.22006632,False,"Continuous",NULL,0,"2026-07-08 11:48:43.798487+00","2026-07-08 11:48:43.798116+00"
"CENTRAL_PUZHAL_025","Puzhal-Central","Puzhal-Central",25,598.870,13.14465578,80.21960269,13.14798854,80.21529894,13.14636348,80.21750646,False,"Continuous",NULL,0,"2026-07-08 11:48:43.798487+00","2026-07-08 11:48:43.798116+00"
"CENTRAL_PUZHAL_026","Puzhal-Central","Puzhal-Central",26,1420.180,13.14798854,80.21529894,13.15603439,80.20511561,13.15190665,80.21011446,False,"Continuous",NULL,0,"2026-07-08 11:48:43.798487+00","2026-07-08 11:48:43.798117+00"
"CENTRAL_PUZHAL_027","Puzhal-Central","Puzhal-Central",27,301.670,13.15603439,80.20511561,13.15839000,80.20374000,13.15715143,80.20432538,False,"Continuous",NULL,0,"2026-07-08 11:48:43.798487+00","2026-07-08 11:48:43.798118+00"
"CENTRAL_PUZHAL_ATGRADE_001","Puzhal-Central","Puzhal-Central",1,353.750,13.13076010,80.23897791,13.12881281,80.24155794,13.12975414,80.24024005,False,"Continuous",NULL,0,"2026-07-08 11:48:43.798487+00","2026-07-08 11:48:43.798119+00"
"CENTRAL_PUZHAL_ATGRADE_002","Puzhal-Central","Puzhal-Central",2,330.300,13.12881281,80.24155794,13.12712816,80.24406555,13.12795713,80.24280677,False,"Continuous",NULL,0,"2026-07-08 11:48:43.798487+00","2026-07-08 11:48:43.798119+00"
"CENTRAL_PUZHAL_ATGRADE_003","Puzhal-Central","Puzhal-Central",3,559.040,13.10702570,80.26927701,13.11070366,80.26575337,13.10879242,80.26743862,False,"Broken",NULL,0,"2026-07-08 11:48:43.798487+00","2026-07-08 11:48:43.79812+00"
"CENTRAL_PUZHAL_ATGRADE_004","Puzhal-Central","Puzhal-Central",4,399.370,13.11070366,80.26575337,13.11362105,80.26365452,13.11209797,80.26459512,False,"Broken",NULL,0,"2026-07-08 11:48:43.798487+00","2026-07-08 11:48:43.798121+00"
"GUINDY_TAMBARAM_001","Guindy-Tambaram","Guindy-Tambaram",1,580.620,13.01130000,80.22325000,13.00664545,80.22078580,13.00897239,80.22201330,False,"Continuous",NULL,0,"2026-07-08 11:48:43.798487+00","2026-07-08 11:48:43.798024+00"
"GUINDY_TAMBARAM_002","Guindy-Tambaram","Guindy-Tambaram",2,1160.070,13.00664545,80.22078580,12.99725738,80.21655061,13.00185276,80.21893483,False,"Continuous",NULL,0,"2026-07-08 11:48:43.798487+00","2026-07-08 11:48:43.798025+00"
"GUINDY_TAMBARAM_003","Guindy-Tambaram","Guindy-Tambaram",3,741.800,12.99725738,80.21655061,12.99146036,80.21969973,12.99418782,80.21772360,False,"Continuous",NULL,0,"2026-07-08 11:48:43.798487+00","2026-07-08 11:48:43.798026+00"
"GUINDY_TAMBARAM_004","Guindy-Tambaram","Guindy-Tambaram",4,232.010,12.99146036,80.21969973,12.98953207,80.21894059,12.99052698,80.21928106,False,"Continuous",NULL,0,"2026-07-08 11:48:43.798487+00","2026-07-08 11:48:43.798027+00"
"GUINDY_TAMBARAM_005","Guindy-Tambaram","Guindy-Tambaram",5,241.200,12.98953207,80.21894059,12.98742840,80.21837942,12.98850091,80.21858227,False,"Continuous",NULL,0,"2026-07-08 11:48:43.798487+00","2026-07-08 11:48:43.798027+00"
"GUINDY_TAMBARAM_006","Guindy-Tambaram","Guindy-Tambaram",6,1070.320,12.98742840,80.21837942,12.97805827,80.21939572,12.98263999,80.21795908,False,"Continuous",NULL,0,"2026-07-08 11:48:43.798487+00","2026-07-08 11:48:43.798028+00"
"GUINDY_TAMBARAM_007","Guindy-Tambaram","Guindy-Tambaram",7,721.900,12.97805827,80.21939572,12.97200205,80.21944038,12.97504584,80.22060717,False,"Continuous",NULL,0,"2026-07-08 11:48:43.798487+00","2026-07-08 11:48:43.798029+00"
"GUINDY_TAMBARAM_008","Guindy-Tambaram","Guindy-Tambaram",8,1020.650,12.97200205,80.21944038,12.96341956,80.21600383,12.96771149,80.21772344,False,"Continuous",NULL,0,"2026-07-08 11:48:43.798487+00","2026-07-08 11:48:43.798029+00"
"GUINDY_TAMBARAM_009","Guindy-Tambaram","Guindy-Tambaram",9,487.610,12.96341956,80.21600383,12.95932000,80.21435000,12.96136938,80.21517775,False,"Continuous",NULL,0,"2026-07-08 11:48:43.798487+00","2026-07-08 11:48:43.79803+00"
"GUINDY_TAMBARAM_010","Guindy-Tambaram","Guindy-Tambaram",10,709.350,12.95932000,80.21435000,12.95333860,80.21199388,12.95632929,80.21317328,False,"Continuous",NULL,0,"2026-07-08 11:48:43.798487+00","2026-07-08 11:48:43.798031+00"
"GUINDY_TAMBARAM_011","Guindy-Tambaram","Guindy-Tambaram",11,253.000,12.95333860,80.21199388,12.95121196,80.21113655,12.95227159,80.21157406,False,"Continuous",NULL,0,"2026-07-08 11:48:43.798487+00","2026-07-08 11:48:43.798034+00"
"GUINDY_TAMBARAM_012","Guindy-Tambaram","Guindy-Tambaram",12,846.940,12.95121196,80.21113655,12.94406679,80.20833759,12.94764598,80.20971993,False,"Continuous",NULL,0,"2026-07-08 11:48:43.798487+00","2026-07-08 11:48:43.798034+00"
"GUINDY_TAMBARAM_013","Guindy-Tambaram","Guindy-Tambaram",13,185.720,12.94406679,80.20833759,12.94274049,80.20735049,12.94330614,80.20797065,False,"Continuous",NULL,0,"2026-07-08 11:48:43.798487+00","2026-07-08 11:48:43.798035+00"
"GUINDY_TAMBARAM_014","Guindy-Tambaram","Guindy-Tambaram",14,555.630,12.94274049,80.20735049,12.93831657,80.20513756,12.94072659,80.20588058,False,"Continuous",NULL,0,"2026-07-08 11:48:43.798487+00","2026-07-08 11:48:43.798036+00"
"GUINDY_TAMBARAM_015","Guindy-Tambaram","Guindy-Tambaram",15,468.680,12.93831657,80.20513756,12.93424713,80.20400067,12.93626584,80.20459732,False,"Continuous",NULL,0,"2026-07-08 11:48:43.798487+00","2026-07-08 11:48:43.798037+00"
"GUINDY_TAMBARAM_016","Guindy-Tambaram","Guindy-Tambaram",16,132.060,12.93424713,80.20400067,12.93308267,80.20377110,12.93365434,80.20394043,False,"Continuous",NULL,0,"2026-07-08 11:48:43.798487+00","2026-07-08 11:48:43.798037+00"
"GUINDY_TAMBARAM_017","Guindy-Tambaram","Guindy-Tambaram",17,602.210,12.93308267,80.20377110,12.92848000,80.20184838,12.93049431,80.20290937,False,"Continuous",NULL,0,"2026-07-08 11:48:43.798487+00","2026-07-08 11:48:43.798038+00"
"GUINDY_TAMBARAM_018","Guindy-Tambaram","Guindy-Tambaram",18,585.270,12.92848000,80.20184838,12.92612156,80.19760039,12.92808914,80.19922133,False,"Continuous",NULL,0,"2026-07-08 11:48:43.798487+00","2026-07-08 11:48:43.798039+00"
"GUINDY_TAMBARAM_019","Guindy-Tambaram","Guindy-Tambaram",19,433.560,12.92612156,80.19760039,12.92221480,80.19737470,12.92416299,80.19755096,False,"Continuous",NULL,0,"2026-07-08 11:48:43.798487+00","2026-07-08 11:48:43.79804+00"
"GUINDY_TAMBARAM_020","Guindy-Tambaram","Guindy-Tambaram",20,175.640,12.92221480,80.19737470,12.92070843,80.19686862,12.92145817,80.19713429,False,"Continuous",NULL,0,"2026-07-08 11:48:43.798487+00","2026-07-08 11:48:43.79804+00"
"GUINDY_TAMBARAM_021","Guindy-Tambaram","Guindy-Tambaram",21,500.710,12.92070843,80.19686862,12.91712000,80.19420000,12.91872137,80.19580137,False,"Continuous",NULL,0,"2026-07-08 11:48:43.798487+00","2026-07-08 11:48:43.798041+00"
"GUINDY_TAMBARAM_022","Guindy-Tambaram","Guindy-Tambaram",22,202.960,12.91712000,80.19420000,12.91716000,80.19235000,12.91706427,80.19328010,False,"Continuous",NULL,0,"2026-07-08 11:48:43.798487+00","2026-07-08 11:48:43.798043+00"
"GUINDY_TAMBARAM_023","Guindy-Tambaram","Guindy-Tambaram",23,1015.400,12.91716000,80.19235000,12.92028909,80.18411514,12.91859143,80.18804829,False,"Continuous",NULL,0,"2026-07-08 11:48:43.798487+00","2026-07-08 11:48:43.798043+00"
"GUINDY_TAMBARAM_024","Guindy-Tambaram","Guindy-Tambaram",24,402.890,12.92028909,80.18411514,12.91945295,80.18050297,12.91985018,80.18231433,False,"Continuous",NULL,0,"2026-07-08 11:48:43.798487+00","2026-07-08 11:48:43.798044+00"
"GUINDY_TAMBARAM_025","Guindy-Tambaram","Guindy-Tambaram",25,181.220,12.91945295,80.18050297,12.91887847,80.17895824,12.91926069,80.17969270,False,"Continuous",NULL,0,"2026-07-08 11:48:43.798487+00","2026-07-08 11:48:43.798045+00"
"GUINDY_TAMBARAM_026","Guindy-Tambaram","Guindy-Tambaram",26,282.700,12.91887847,80.17895824,12.91835699,80.17659613,12.91818724,80.17787959,False,"Continuous",NULL,0,"2026-07-08 11:48:43.798487+00","2026-07-08 11:48:43.798046+00"
"GUINDY_TAMBARAM_027","Guindy-Tambaram","Guindy-Tambaram",27,585.330,12.91835699,80.17659613,12.91968435,80.17137562,12.91899861,80.17398074,False,"Continuous",NULL,0,"2026-07-08 11:48:43.798487+00","2026-07-08 11:48:43.798046+00"
"GUINDY_TAMBARAM_028","Guindy-Tambaram","Guindy-Tambaram",28,398.520,12.91968435,80.17137562,12.92079000,80.16788000,12.92022915,80.16962516,False,"Continuous",NULL,0,"2026-07-08 11:48:43.798487+00","2026-07-08 11:48:43.798047+00"
"GUINDY_TAMBARAM_029","Guindy-Tambaram","Guindy-Tambaram",29,592.190,12.92079000,80.16788000,12.92245523,80.16269445,12.92164528,80.16529491,False,"Continuous",NULL,0,"2026-07-08 11:48:43.798487+00","2026-07-08 11:48:43.798048+00"
"GUINDY_TAMBARAM_030","Guindy-Tambaram","Guindy-Tambaram",30,248.290,12.92245523,80.16269445,12.92315414,80.16051983,12.92281153,80.16160936,False,"Continuous",NULL,0,"2026-07-08 11:48:43.798487+00","2026-07-08 11:48:43.798049+00"
"GUINDY_TAMBARAM_031","Guindy-Tambaram","Guindy-Tambaram",31,599.220,12.92315414,80.16051983,12.92343913,80.15506783,12.92352683,80.15779013,False,"Continuous",NULL,0,"2026-07-08 11:48:43.798487+00","2026-07-08 11:48:43.798049+00"
"GUINDY_TAMBARAM_032","Guindy-Tambaram","Guindy-Tambaram",32,358.830,12.92343913,80.15506783,12.92267914,80.15185878,12.92304031,80.15346602,False,"Continuous",NULL,0,"2026-07-08 11:48:43.798487+00","2026-07-08 11:48:43.79805+00"
"GUINDY_TAMBARAM_033","Guindy-Tambaram","Guindy-Tambaram",33,474.050,12.92267914,80.15185878,12.92257457,80.14749256,12.92260851,80.14967601,False,"Continuous",NULL,0,"2026-07-08 11:48:43.798487+00","2026-07-08 11:48:43.798058+00"
"GUINDY_TAMBARAM_034","Guindy-Tambaram","Guindy-Tambaram",34,472.980,12.92257457,80.14749256,12.92244248,80.14313667,12.92249861,80.14531547,False,"Continuous",NULL,0,"2026-07-08 11:48:43.798487+00","2026-07-08 11:48:43.798059+00"
"GUINDY_TAMBARAM_035","Guindy-Tambaram","Guindy-Tambaram",35,296.250,12.92244248,80.14313667,12.92237988,80.14040758,12.92238060,80.14177289,False,"Continuous",NULL,0,"2026-07-08 11:48:43.798487+00","2026-07-08 11:48:43.79806+00"
"GUINDY_TAMBARAM_036","Guindy-Tambaram","Guindy-Tambaram",36,581.580,12.92237988,80.14040758,12.92255000,80.13505419,12.92243348,80.13773115,False,"Continuous",NULL,0,"2026-07-08 11:48:43.798487+00","2026-07-08 11:48:43.798063+00"
"GUINDY_TAMBARAM_037","Guindy-Tambaram","Guindy-Tambaram",37,260.710,12.92255000,80.13505419,12.92266000,80.13265499,12.92263353,80.13385586,False,"Continuous",NULL,0,"2026-07-08 11:48:43.798487+00","2026-07-08 11:48:43.798063+00"
"GUINDY_TAMBARAM_038","Guindy-Tambaram","Guindy-Tambaram",38,180.050,12.92266000,80.13265499,12.92275004,80.13099794,12.92270380,80.13182643,False,"Continuous",NULL,0,"2026-07-08 11:48:43.798487+00","2026-07-08 11:48:43.798064+00"
"GUINDY_TAMBARAM_039","Guindy-Tambaram","Guindy-Tambaram",39,386.510,12.92275004,80.13099794,12.92288000,80.12744000,12.92282143,80.12921852,False,"Continuous",NULL,0,"2026-07-08 11:48:43.798487+00","2026-07-08 11:48:43.798065+00"
"GUINDY_TAMBARAM_040","Guindy-Tambaram","Guindy-Tambaram",40,188.800,12.92288000,80.12744000,12.92294916,80.12570117,12.92291458,80.12657058,False,"Continuous",NULL,0,"2026-07-08 11:48:43.798487+00","2026-07-08 11:48:43.798065+00"
"GUINDY_TAMBARAM_041","Guindy-Tambaram","Guindy-Tambaram",41,1092.700,12.92294916,80.12570117,12.92407000,80.11573000,12.92322201,80.12067586,False,"Continuous",NULL,0,"2026-07-08 11:48:43.798487+00","2026-07-08 11:48:43.798066+00"
"KILAMBAKKAM_LITTLEMOUNT_001","Corridor_Littlemount_Kilambakkam","Littlemount_Kilambakkam",1,1160.950,12.87558508,80.07872777,12.88537844,80.08256743,12.88050487,80.08059167,False,"Continuous",NULL,0,"2026-07-08 11:48:43.798487+00","2026-07-08 11:48:43.797913+00"
"KILAMBAKKAM_LITTLEMOUNT_002","Corridor_Littlemount_Kilambakkam","Littlemount_Kilambakkam",2,638.080,12.88537844,80.08256743,12.89071807,80.08479185,12.88804320,80.08369124,False,"Continuous",NULL,0,"2026-07-08 11:48:43.798487+00","2026-07-08 11:48:43.797914+00"
"KILAMBAKKAM_LITTLEMOUNT_003","Corridor_Littlemount_Kilambakkam","Littlemount_Kilambakkam",3,634.980,12.89071807,80.08479185,12.89550044,80.08798783,12.89319035,80.08625578,False,"Continuous",NULL,0,"2026-07-08 11:48:43.798487+00","2026-07-08 11:48:43.797917+00"
"KILAMBAKKAM_LITTLEMOUNT_004","Corridor_Littlemount_Kilambakkam","Littlemount_Kilambakkam",4,1006.830,12.89550044,80.08798783,12.90281591,80.09350979,12.89916872,80.09073506,False,"Continuous",NULL,0,"2026-07-08 11:48:43.798487+00","2026-07-08 11:48:43.797919+00"
"KILAMBAKKAM_LITTLEMOUNT_005","Corridor_Littlemount_Kilambakkam","Littlemount_Kilambakkam",5,937.980,12.90281591,80.09350979,12.90935688,80.09894338,12.90615709,80.09614631,False,"Continuous",NULL,0,"2026-07-08 11:48:43.798487+00","2026-07-08 11:48:43.79792+00"
"KILAMBAKKAM_LITTLEMOUNT_006","Corridor_Littlemount_Kilambakkam","Littlemount_Kilambakkam",6,1374.780,12.90935688,80.09894338,12.91705641,80.10711374,12.91438767,80.10169484,False,"Continuous",NULL,0,"2026-07-08 11:48:43.798487+00","2026-07-08 11:48:43.797921+00"
"KILAMBAKKAM_LITTLEMOUNT_007","Corridor_Littlemount_Kilambakkam","Littlemount_Kilambakkam",7,667.280,12.91705641,80.10711374,12.92087534,80.11185798,12.91889134,80.10954267,False,"Continuous",NULL,0,"2026-07-08 11:48:43.798487+00","2026-07-08 11:48:43.797922+00"
"KILAMBAKKAM_LITTLEMOUNT_008","Corridor_Littlemount_Kilambakkam","Littlemount_Kilambakkam",8,900.500,12.92087534,80.11185798,12.92664096,80.11771624,12.92373744,80.11480744,False,"Continuous",NULL,0,"2026-07-08 11:48:43.798487+00","2026-07-08 11:48:43.797923+00"
"KILAMBAKKAM_LITTLEMOUNT_009","Corridor_Littlemount_Kilambakkam","Littlemount_Kilambakkam",9,520.410,12.92664096,80.11771624,12.93001533,80.12105550,12.92830151,80.11941151,False,"Continuous",NULL,0,"2026-07-08 11:48:43.798487+00","2026-07-08 11:48:43.797924+00"
"KILAMBAKKAM_LITTLEMOUNT_010","Corridor_Littlemount_Kilambakkam","Littlemount_Kilambakkam",10,1138.860,12.93001533,80.12105550,12.93751055,80.12823911,12.93366150,80.12475150,False,"Continuous",NULL,0,"2026-07-08 11:48:43.798487+00","2026-07-08 11:48:43.797925+00"
"KILAMBAKKAM_LITTLEMOUNT_011","Corridor_Littlemount_Kilambakkam","Littlemount_Kilambakkam",11,773.030,12.93751055,80.12823911,12.94259708,80.13311960,12.94013049,80.13059878,False,"Continuous",NULL,0,"2026-07-08 11:48:43.798487+00","2026-07-08 11:48:43.797925+00"
"KILAMBAKKAM_LITTLEMOUNT_012","Corridor_Littlemount_Kilambakkam","Littlemount_Kilambakkam",12,1119.340,12.94259708,80.13311960,12.95052305,80.13950152,12.94647109,80.13641728,False,"Continuous",NULL,0,"2026-07-08 11:48:43.798487+00","2026-07-08 11:48:43.797926+00"
"KILAMBAKKAM_LITTLEMOUNT_013","Corridor_Littlemount_Kilambakkam","Littlemount_Kilambakkam",13,314.840,12.95052305,80.13950152,12.95279199,80.14124999,12.95165599,80.14037816,False,"Continuous",NULL,0,"2026-07-08 11:48:43.798487+00","2026-07-08 11:48:43.797927+00"
"KILAMBAKKAM_LITTLEMOUNT_014","Corridor_Littlemount_Kilambakkam","Littlemount_Kilambakkam",14,661.860,12.95279199,80.14124999,12.95807958,80.14409726,12.95542304,80.14269609,False,"Continuous",NULL,0,"2026-07-08 11:48:43.798487+00","2026-07-08 11:48:43.797928+00"
"KILAMBAKKAM_LITTLEMOUNT_015","Corridor_Littlemount_Kilambakkam","Littlemount_Kilambakkam",15,885.500,12.95807958,80.14409726,12.96514218,80.14793290,12.96161814,80.14600162,False,"Continuous",NULL,0,"2026-07-08 11:48:43.798487+00","2026-07-08 11:48:43.797929+00"
"KILAMBAKKAM_LITTLEMOUNT_016","Corridor_Littlemount_Kilambakkam","Littlemount_Kilambakkam",16,1406.010,12.96514218,80.14793290,12.97497916,80.15547618,12.97089154,80.15072194,False,"Continuous",NULL,0,"2026-07-08 11:48:43.798487+00","2026-07-08 11:48:43.79793+00"
"KILAMBAKKAM_LITTLEMOUNT_017","Corridor_Littlemount_Kilambakkam","Littlemount_Kilambakkam",17,384.310,12.97497916,80.15547618,12.97693240,80.15840480,12.97597586,80.15692736,False,"Continuous",NULL,0,"2026-07-08 11:48:43.798487+00","2026-07-08 11:48:43.797931+00"
"KILAMBAKKAM_LITTLEMOUNT_018","Corridor_Littlemount_Kilambakkam","Littlemount_Kilambakkam",18,1746.560,12.97693240,80.15840480,12.98482750,80.17224296,12.98076569,80.16534376,False,"Continuous",NULL,0,"2026-07-08 11:48:43.798487+00","2026-07-08 11:48:43.797932+00"
"KILAMBAKKAM_LITTLEMOUNT_019","Corridor_Littlemount_Kilambakkam","Littlemount_Kilambakkam",19,339.460,12.98482750,80.17224296,12.98661738,80.17478401,12.98572932,80.17350927,False,"Continuous",NULL,0,"2026-07-08 11:48:43.798487+00","2026-07-08 11:48:43.797933+00"
"KILAMBAKKAM_LITTLEMOUNT_020","Corridor_Littlemount_Kilambakkam","Littlemount_Kilambakkam",20,549.000,12.98661738,80.17478401,12.98952508,80.17888391,12.98804947,80.17685034,False,"Continuous",NULL,0,"2026-07-08 11:48:43.798487+00","2026-07-08 11:48:43.797933+00"
"KILAMBAKKAM_LITTLEMOUNT_021","Corridor_Littlemount_Kilambakkam","Littlemount_Kilambakkam",21,882.970,12.98952508,80.17888391,12.99406723,80.18555092,12.99201406,80.18207231,False,"Continuous",NULL,0,"2026-07-08 11:48:43.798487+00","2026-07-08 11:48:43.797934+00"
"KILAMBAKKAM_LITTLEMOUNT_022","Corridor_Littlemount_Kilambakkam","Littlemount_Kilambakkam",22,470.140,12.99406723,80.18555092,12.99614001,80.18932801,12.99506645,80.18746276,False,"Continuous",NULL,0,"2026-07-08 11:48:43.798487+00","2026-07-08 11:48:43.797935+00"
"KILAMBAKKAM_LITTLEMOUNT_023","Corridor_Littlemount_Kilambakkam","Littlemount_Kilambakkam",23,394.690,12.99614001,80.18932801,12.99845378,80.19209408,12.99733583,80.19067799,False,"Continuous",NULL,0,"2026-07-08 11:48:43.798487+00","2026-07-08 11:48:43.797936+00"
"KILAMBAKKAM_LITTLEMOUNT_024","Corridor_Littlemount_Kilambakkam","Littlemount_Kilambakkam",24,556.260,12.99845378,80.19209408,13.00163399,80.19606513,13.00003633,80.19408689,False,"Continuous",NULL,0,"2026-07-08 11:48:43.798487+00","2026-07-08 11:48:43.797937+00"
"KILAMBAKKAM_LITTLEMOUNT_025","Corridor_Littlemount_Kilambakkam","Littlemount_Kilambakkam",25,833.360,13.00163399,80.19606513,13.00510016,80.20136014,13.00190536,80.19969913,False,"Continuous",NULL,0,"2026-07-08 11:48:43.798487+00","2026-07-08 11:48:43.797938+00"
"KILAMBAKKAM_LITTLEMOUNT_026","Corridor_Littlemount_Kilambakkam","Littlemount_Kilambakkam",26,980.710,13.00510016,80.20136014,13.00776003,80.20608020,13.00843916,80.20346148,False,"Continuous",NULL,0,"2026-07-08 11:48:43.798487+00","2026-07-08 11:48:43.797939+00"
"KILAMBAKKAM_LITTLEMOUNT_027","Corridor_Littlemount_Kilambakkam","Littlemount_Kilambakkam",27,696.200,13.00776003,80.20608020,13.00922221,80.21229553,13.00824079,80.20924952,False,"Continuous",NULL,0,"2026-07-08 11:48:43.798487+00","2026-07-08 11:48:43.79794+00"
"KILAMBAKKAM_LITTLEMOUNT_028","Corridor_Littlemount_Kilambakkam","Littlemount_Kilambakkam",28,1051.680,13.00922221,80.21229553,13.01249825,80.22133194,13.01079797,80.21683543,False,"Continuous",NULL,0,"2026-07-08 11:48:43.798487+00","2026-07-08 11:48:43.797943+00"
"KILAMBAKKAM_LITTLEMOUNT_029","Corridor_Littlemount_Kilambakkam","Littlemount_Kilambakkam",29,555.460,13.01249825,80.22133194,13.01575000,80.22518000,13.01405268,80.22333171,False,"Continuous",NULL,0,"2026-07-08 11:48:43.798487+00","2026-07-08 11:48:43.797944+00"
"KILAMBAKKAM_LITTLEMOUNT(AT_GRADE_BELOWFLYOVER)_001","Corridor_Littlemount_Kilambakkam","Littlemount_Kilambakkam",1,285.900,12.96514494,80.14793373,12.96746861,80.14908817,12.96630945,80.14850548,False,"Continuous",NULL,0,"2026-07-08 11:48:43.798487+00","2026-07-08 11:48:43.797898+00"
"KILAMBAKKAM_LITTLEMOUNT(AT_GRADE_BELOWFLYOVER)_002","Corridor_Littlemount_Kilambakkam","Littlemount_Kilambakkam",2,588.190,12.96746861,80.14908817,12.97225788,80.15143785,12.96988127,80.15022969,False,"Continuous",NULL,0,"2026-07-08 11:48:43.798487+00","2026-07-08 11:48:43.797904+00"
"KILAMBAKKAM_LITTLEMOUNT(AT_GRADE_BELOWFLYOVER)_003","Corridor_Littlemount_Kilambakkam","Littlemount_Kilambakkam",3,223.280,12.97225788,80.15143785,12.97342683,80.15311061,12.97287963,80.15224697,False,"Continuous",NULL,0,"2026-07-08 11:48:43.798487+00","2026-07-08 11:48:43.797905+00"
"KILAMBAKKAM_LITTLEMOUNT(AT_GRADE_BELOWFLYOVER)_004","Corridor_Littlemount_Kilambakkam","Littlemount_Kilambakkam",4,308.560,12.97342683,80.15311061,12.97497627,80.15547448,12.97421880,80.15428198,False,"Continuous",NULL,0,"2026-07-08 11:48:43.798487+00","2026-07-08 11:48:43.797907+00"
"KILAMBAKKAM_LITTLEMOUNT(AT_GRADE_BELOWFLYOVER)_005","Corridor_Littlemount_Kilambakkam","Littlemount_Kilambakkam",5,601.950,12.97692995,80.15840470,12.98006729,80.16291216,12.97856081,80.16061594,False,"Broken",NULL,0,"2026-07-08 11:48:43.798487+00","2026-07-08 11:48:43.797908+00"
"KILAMBAKKAM_LITTLEMOUNT(AT_GRADE_BELOWFLYOVER)_006","Corridor_Littlemount_Kilambakkam","Littlemount_Kilambakkam",6,437.250,12.98006729,80.16291216,12.98154625,80.16661801,12.98059931,80.16484894,False,"Broken",NULL,0,"2026-07-08 11:48:43.798487+00","2026-07-08 11:48:43.797909+00"
"KILAMBAKKAM_LITTLEMOUNT(AT_GRADE_BELOWFLYOVER)_007","Corridor_Littlemount_Kilambakkam","Littlemount_Kilambakkam",7,710.100,12.98154625,80.16661801,12.98482415,80.17224409,12.98319627,80.16942476,False,"Broken",NULL,0,"2026-07-08 11:48:43.798487+00","2026-07-08 11:48:43.79791+00"
"KILAMBAKKAM_LITTLEMOUNT(AT_GRADE_BELOWFLYOVER)_008","Corridor_Littlemount_Kilambakkam","Littlemount_Kilambakkam",8,420.490,12.87563370,80.07870008,12.87921213,80.07998409,12.87742270,80.07933150,False,"Broken",NULL,0,"2026-07-08 11:48:43.798487+00","2026-07-08 11:48:43.797911+00"
"KILAMBAKKAM_LITTLEMOUNT(AT_GRADE_BELOWFLYOVER)_009","Corridor_Littlemount_Kilambakkam","Littlemount_Kilambakkam",9,743.160,12.87921213,80.07998409,12.88537403,80.08256414,12.88237361,80.08112358,False,"Broken",NULL,0,"2026-07-08 11:48:43.798487+00","2026-07-08 11:48:43.797911+00"
"KOYEMBEDU_BROADWAY_001","EVR Salai","EVR Salai",1,270.410,13.07448000,80.19439000,13.07549537,80.19661781,13.07515987,80.19542356,False,"Continuous",NULL,0,"2026-07-08 11:48:43.798487+00","2026-07-08 11:48:43.798003+00"
"KOYEMBEDU_BROADWAY_002","EVR Salai","EVR Salai",2,543.980,13.07549537,80.19661781,13.07633506,80.20150473,13.07613821,80.19903850,False,"Continuous",NULL,0,"2026-07-08 11:48:43.798487+00","2026-07-08 11:48:43.798003+00"
"KOYEMBEDU_BROADWAY_003","EVR Salai","EVR Salai",3,1004.890,13.07633506,80.20150473,13.07718031,80.21066723,13.07701256,80.20605801,False,"Continuous",NULL,0,"2026-07-08 11:48:43.798487+00","2026-07-08 11:48:43.798004+00"
"KOYEMBEDU_BROADWAY_004","EVR Salai","EVR Salai",4,122.310,13.07718031,80.21066723,13.07703496,80.21178522,13.07711894,80.21122775,False,"Continuous",NULL,0,"2026-07-08 11:48:43.798487+00","2026-07-08 11:48:43.798005+00"
"KOYEMBEDU_BROADWAY_005","EVR Salai","EVR Salai",5,510.310,13.07703496,80.21178522,13.07523379,80.21603315,13.07583579,80.21378772,False,"Continuous",NULL,0,"2026-07-08 11:48:43.798487+00","2026-07-08 11:48:43.798006+00"
"KOYEMBEDU_BROADWAY_006","EVR Salai","EVR Salai",6,212.370,13.07523379,80.21603315,13.07500184,80.21797710,13.07513190,80.21700669,False,"Continuous",NULL,0,"2026-07-08 11:48:43.798487+00","2026-07-08 11:48:43.798007+00"
"KOYEMBEDU_BROADWAY_007","EVR Salai","EVR Salai",7,330.490,13.07500184,80.21797710,13.07450000,80.22098000,13.07473076,80.21947581,False,"Continuous",NULL,0,"2026-07-08 11:48:43.798487+00","2026-07-08 11:48:43.798007+00"
"KOYEMBEDU_BROADWAY_008","EVR Salai","EVR Salai",8,413.350,13.07450000,80.22098000,13.07407249,80.22476421,13.07424456,80.22286705,False,"Continuous",NULL,0,"2026-07-08 11:48:43.798487+00","2026-07-08 11:48:43.798008+00"
"KOYEMBEDU_BROADWAY_009","EVR Salai","EVR Salai",9,811.730,13.07407249,80.22476421,13.07537025,80.23200067,13.07414301,80.22848806,False,"Continuous",NULL,0,"2026-07-08 11:48:43.798487+00","2026-07-08 11:48:43.798009+00"
"KOYEMBEDU_BROADWAY_010","EVR Salai","EVR Salai",10,216.530,13.07537025,80.23200067,13.07589669,80.23392007,13.07568294,80.23294655,False,"Continuous",NULL,0,"2026-07-08 11:48:43.798487+00","2026-07-08 11:48:43.79801+00"
"KOYEMBEDU_BROADWAY_011","EVR Salai","EVR Salai",11,461.080,13.07589669,80.23392007,13.07675006,80.23808029,13.07632714,80.23600018,False,"Continuous",NULL,0,"2026-07-08 11:48:43.798487+00","2026-07-08 11:48:43.798011+00"
"KOYEMBEDU_BROADWAY_012","EVR Salai","EVR Salai",12,284.030,13.07675006,80.23808029,13.07735101,80.24062554,13.07704606,80.23935464,False,"Continuous",NULL,0,"2026-07-08 11:48:43.798487+00","2026-07-08 11:48:43.798013+00"
"KOYEMBEDU_BROADWAY_013","EVR Salai","EVR Salai",13,416.220,13.07735101,80.24062554,13.07790000,80.24441000,13.07772940,80.24250487,False,"Continuous",NULL,0,"2026-07-08 11:48:43.798487+00","2026-07-08 11:48:43.798014+00"
"KOYEMBEDU_BROADWAY_014","EVR Salai","EVR Salai",14,630.710,13.07790000,80.24441000,13.07885031,80.25012756,13.07831436,80.24727331,False,"Continuous",NULL,0,"2026-07-08 11:48:43.798487+00","2026-07-08 11:48:43.798015+00"
"KOYEMBEDU_BROADWAY_015","EVR Salai","EVR Salai",15,169.120,13.07885031,80.25012756,13.07889000,80.25168653,13.07887355,80.25090706,False,"Continuous",NULL,0,"2026-07-08 11:48:43.798487+00","2026-07-08 11:48:43.798016+00"
"KOYEMBEDU_BROADWAY_016","EVR Salai","EVR Salai",16,327.480,13.07889000,80.25168653,13.07900947,80.25469579,13.07887091,80.25319413,False,"Continuous",NULL,0,"2026-07-08 11:48:43.798487+00","2026-07-08 11:48:43.798016+00"
"KOYEMBEDU_BROADWAY_017","EVR Salai","EVR Salai",17,207.930,13.07900947,80.25469579,13.07920811,80.25660161,13.07913375,80.25564631,False,"Continuous",NULL,0,"2026-07-08 11:48:43.798487+00","2026-07-08 11:48:43.798017+00"
"KOYEMBEDU_BROADWAY_018","EVR Salai","EVR Salai",18,232.690,13.07920811,80.25660161,13.07944935,80.25873330,13.07934550,80.25766550,False,"Continuous",NULL,0,"2026-07-08 11:48:43.798487+00","2026-07-08 11:48:43.798018+00"
"KOYEMBEDU_BROADWAY_019","EVR Salai","EVR Salai",19,444.520,13.07944935,80.25873330,13.08029972,80.26271860,13.07972754,80.26075892,False,"Continuous",NULL,0,"2026-07-08 11:48:43.798487+00","2026-07-08 11:48:43.798019+00"
"KOYEMBEDU_BROADWAY_020","EVR Salai","EVR Salai",20,274.910,13.08029972,80.26271860,13.08081151,80.26519872,13.08057834,80.26395435,False,"Continuous",NULL,0,"2026-07-08 11:48:43.798487+00","2026-07-08 11:48:43.798019+00"
"KOYEMBEDU_BROADWAY_021","EVR Salai","EVR Salai",21,632.920,13.08081151,80.26519872,13.08101805,80.27100013,13.08080163,80.26811599,False,"Continuous",NULL,0,"2026-07-08 11:48:43.798487+00","2026-07-08 11:48:43.79802+00"
"KOYEMBEDU_BROADWAY_022","EVR Salai","EVR Salai",22,458.040,13.08101805,80.27100013,13.08173003,80.27515046,13.08148282,80.27305714,False,"Continuous",NULL,0,"2026-07-08 11:48:43.798487+00","2026-07-08 11:48:43.798021+00"
"KOYEMBEDU_BROADWAY_023","EVR Salai","EVR Salai",23,126.220,13.08173003,80.27515046,13.08189006,80.27630029,13.08177343,80.27573059,False,"Continuous",NULL,0,"2026-07-08 11:48:43.798487+00","2026-07-08 11:48:43.798021+00"
"KOYEMBEDU_BROADWAY_024","EVR Salai","EVR Salai",24,241.460,13.08189006,80.27630029,13.08215668,80.27851014,13.08202734,80.27740454,False,"Continuous",NULL,0,"2026-07-08 11:48:43.798487+00","2026-07-08 11:48:43.798022+00"
"KOYEMBEDU_BROADWAY_025","EVR Salai","EVR Salai",25,344.580,13.08215668,80.27851014,13.08238000,80.28167836,13.08228787,80.28009344,False,"Continuous",NULL,0,"2026-07-08 11:48:43.798487+00","2026-07-08 11:48:43.798023+00"
"KOYEMBEDU_BROADWAY_026","EVR Salai","EVR Salai",26,369.180,13.08238000,80.28167836,13.08507000,80.28365000,13.08377465,80.28260372,False,"Continuous",NULL,0,"2026-07-08 11:48:43.798487+00","2026-07-08 11:48:43.798024+00"
"LITTLEMOUNT_KILAMBAKKAM_001","Corridor_Littlemount_Kilambakkam","Littlemount_Kilambakkam",1,624.760,13.01491201,80.22606920,13.00961603,80.22792069,13.01226737,80.22707497,False,"Continuous",NULL,0,"2026-07-08 11:48:43.798487+00","2026-07-08 11:48:43.797949+00"
"LITTLEMOUNT_KILAMBAKKAM_002","Corridor_Littlemount_Kilambakkam","Littlemount_Kilambakkam",2,363.010,13.00961603,80.22792069,13.01076775,80.22488540,13.01010889,80.22641154,False,"Continuous",NULL,0,"2026-07-08 11:48:43.798487+00","2026-07-08 11:48:43.79795+00"
"LITTLEMOUNT_KILAMBAKKAM_003","Corridor_Littlemount_Kilambakkam","Littlemount_Kilambakkam",3,195.240,13.01076775,80.22488540,13.01144779,80.22322452,13.01110445,80.22405353,False,"Continuous",NULL,0,"2026-07-08 11:48:43.798487+00","2026-07-08 11:48:43.797951+00"
"LITTLEMOUNT_KILAMBAKKAM_004","Corridor_Littlemount_Kilambakkam","Littlemount_Kilambakkam",4,225.300,13.01144779,80.22322452,13.01215638,80.22128086,13.01181712,80.22225769,False,"Continuous",NULL,0,"2026-07-08 11:48:43.798487+00","2026-07-08 11:48:43.797952+00"
"LITTLEMOUNT_KILAMBAKKAM_005","Corridor_Littlemount_Kilambakkam","Littlemount_Kilambakkam",5,1029.980,13.01215638,80.22128086,13.00912711,80.21235519,13.01068534,80.21679788,False,"Continuous",NULL,0,"2026-07-08 11:48:43.798487+00","2026-07-08 11:48:43.797952+00"
"LITTLEMOUNT_KILAMBAKKAM_006","Corridor_Littlemount_Kilambakkam","Littlemount_Kilambakkam",6,703.510,13.00912711,80.21235519,13.00760029,80.20609228,13.00807972,80.20929403,False,"Continuous",NULL,0,"2026-07-08 11:48:43.798487+00","2026-07-08 11:48:43.797953+00"
"LITTLEMOUNT_KILAMBAKKAM_007","Corridor_Littlemount_Kilambakkam","Littlemount_Kilambakkam",7,591.570,13.00760029,80.20609228,13.00496000,80.20145345,13.00647718,80.20364317,False,"Continuous",NULL,0,"2026-07-08 11:48:43.798487+00","2026-07-08 11:48:43.797954+00"
"LITTLEMOUNT_KILAMBAKKAM_008","Corridor_Littlemount_Kilambakkam","Littlemount_Kilambakkam",8,821.660,13.00496000,80.20145345,13.00150814,80.19619939,13.00176912,80.19980318,False,"Continuous",NULL,0,"2026-07-08 11:48:43.798487+00","2026-07-08 11:48:43.797955+00"
"LITTLEMOUNT_KILAMBAKKAM_009","Corridor_Littlemount_Kilambakkam","Littlemount_Kilambakkam",9,558.780,13.00150814,80.19619939,12.99833959,80.19218943,12.99992458,80.19419418,False,"Continuous",NULL,0,"2026-07-08 11:48:43.798487+00","2026-07-08 11:48:43.797955+00"
"LITTLEMOUNT_KILAMBAKKAM_010","Corridor_Littlemount_Kilambakkam","Littlemount_Kilambakkam",10,395.170,12.99833959,80.19218943,12.99603877,80.18940575,12.99722272,80.19076970,False,"Continuous",NULL,0,"2026-07-08 11:48:43.798487+00","2026-07-08 11:48:43.797957+00"
"LITTLEMOUNT_KILAMBAKKAM_011","Corridor_Littlemount_Kilambakkam","Littlemount_Kilambakkam",11,477.700,12.99603877,80.18940575,12.99397344,80.18554714,12.99495922,80.18750498,False,"Continuous",NULL,0,"2026-07-08 11:48:43.798487+00","2026-07-08 11:48:43.797957+00"
"LITTLEMOUNT_KILAMBAKKAM_012","Corridor_Littlemount_Kilambakkam","Littlemount_Kilambakkam",12,875.200,12.99397344,80.18554714,12.98943937,80.17895924,12.99190870,80.18211690,False,"Continuous",NULL,0,"2026-07-08 11:48:43.798487+00","2026-07-08 11:48:43.797958+00"
"LITTLEMOUNT_KILAMBAKKAM_013","Corridor_Littlemount_Kilambakkam","Littlemount_Kilambakkam",13,539.370,12.98943937,80.17895924,12.98653483,80.17496753,12.98794903,80.17699190,False,"Continuous",NULL,0,"2026-07-08 11:48:43.798487+00","2026-07-08 11:48:43.797959+00"
"LITTLEMOUNT_KILAMBAKKAM_014","Corridor_Littlemount_Kilambakkam","Littlemount_Kilambakkam",14,1056.050,12.98653483,80.17496753,12.98140567,80.16675908,12.98389379,80.17091154,False,"Continuous",NULL,0,"2026-07-08 11:48:43.798487+00","2026-07-08 11:48:43.79796+00"
"LITTLEMOUNT_KILAMBAKKAM_015","Corridor_Littlemount_Kilambakkam","Littlemount_Kilambakkam",15,442.000,12.98140567,80.16675908,12.97988448,80.16301832,12.98045920,80.16496559,False,"Continuous",NULL,0,"2026-07-08 11:48:43.798487+00","2026-07-08 11:48:43.797961+00"
"LITTLEMOUNT_KILAMBAKKAM_016","Corridor_Littlemount_Kilambakkam","Littlemount_Kilambakkam",16,971.390,12.97988448,80.16301832,12.97495286,80.15562376,12.97740855,80.15933259,False,"Continuous",NULL,0,"2026-07-08 11:48:43.798487+00","2026-07-08 11:48:43.797961+00"
"LITTLEMOUNT_KILAMBAKKAM_017","Corridor_Littlemount_Kilambakkam","Littlemount_Kilambakkam",17,1565.480,12.97495286,80.15562376,12.96391739,80.14734246,12.97029862,80.15049431,False,"Continuous",NULL,0,"2026-07-08 11:48:43.798487+00","2026-07-08 11:48:43.797962+00"
"LITTLEMOUNT_KILAMBAKKAM_018","Corridor_Littlemount_Kilambakkam","Littlemount_Kilambakkam",18,738.450,12.96391739,80.14734246,12.95800650,80.14420556,12.96096960,80.14576586,False,"Continuous",NULL,0,"2026-07-08 11:48:43.798487+00","2026-07-08 11:48:43.797965+00"
"LITTLEMOUNT_KILAMBAKKAM_019","Corridor_Littlemount_Kilambakkam","Littlemount_Kilambakkam",19,660.920,12.95800650,80.14420556,12.95274996,80.14131952,12.95536095,80.14278911,False,"Continuous",NULL,0,"2026-07-08 11:48:43.798487+00","2026-07-08 11:48:43.797966+00"
"LITTLEMOUNT_KILAMBAKKAM_020","Corridor_Littlemount_Kilambakkam","Littlemount_Kilambakkam",20,316.750,12.95274996,80.14131952,12.95045043,80.13958567,12.95158878,80.14047065,False,"Continuous",NULL,0,"2026-07-08 11:48:43.798487+00","2026-07-08 11:48:43.797967+00"
"LITTLEMOUNT_KILAMBAKKAM_021","Corridor_Littlemount_Kilambakkam","Littlemount_Kilambakkam",21,836.480,12.95045043,80.13958567,12.94439773,80.13497203,12.94742939,80.13727398,False,"Continuous",NULL,0,"2026-07-08 11:48:43.798487+00","2026-07-08 11:48:43.797967+00"
"LITTLEMOUNT_KILAMBAKKAM_022","Corridor_Littlemount_Kilambakkam","Littlemount_Kilambakkam",22,1052.670,12.94439773,80.13497203,12.93743173,80.12838134,12.94094896,80.13163896,False,"Continuous",NULL,0,"2026-07-08 11:48:43.798487+00","2026-07-08 11:48:43.797968+00"
"LITTLEMOUNT_KILAMBAKKAM_023","Corridor_Littlemount_Kilambakkam","Littlemount_Kilambakkam",23,1143.010,12.93743173,80.12838134,12.92992719,80.12115148,12.93357398,80.12487777,False,"Continuous",NULL,0,"2026-07-08 11:48:43.798487+00","2026-07-08 11:48:43.797969+00"
"LITTLEMOUNT_KILAMBAKKAM_024","Corridor_Littlemount_Kilambakkam","Littlemount_Kilambakkam",24,576.830,12.92992719,80.12115148,12.92618640,80.11745060,12.92803938,80.11931894,False,"Continuous",NULL,0,"2026-07-08 11:48:43.798487+00","2026-07-08 11:48:43.79797+00"
"LITTLEMOUNT_KILAMBAKKAM_025","Corridor_Littlemount_Kilambakkam","Littlemount_Kilambakkam",25,834.840,12.92618640,80.11745060,12.92085569,80.11200569,12.92351252,80.11473564,False,"Continuous",NULL,0,"2026-07-08 11:48:43.798487+00","2026-07-08 11:48:43.797971+00"
"LITTLEMOUNT_KILAMBAKKAM_026","Corridor_Littlemount_Kilambakkam","Littlemount_Kilambakkam",26,680.600,12.92085569,80.11200569,12.91694370,80.10718595,12.91879832,80.10967550,False,"Continuous",NULL,0,"2026-07-08 11:48:43.798487+00","2026-07-08 11:48:43.797971+00"
"LITTLEMOUNT_KILAMBAKKAM_027","Corridor_Littlemount_Kilambakkam","Littlemount_Kilambakkam",27,1374.570,12.91694370,80.10718595,12.90896984,80.09869373,12.91374324,80.10180945,False,"Continuous",NULL,0,"2026-07-08 11:48:43.798487+00","2026-07-08 11:48:43.797972+00"
"LITTLEMOUNT_KILAMBAKKAM_028","Corridor_Littlemount_Kilambakkam","Littlemount_Kilambakkam",28,921.620,12.90896984,80.09869373,12.90242327,80.09347814,12.90576796,80.09600997,False,"Continuous",NULL,0,"2026-07-08 11:48:43.798487+00","2026-07-08 11:48:43.797973+00"
"LITTLEMOUNT_KILAMBAKKAM_029","Corridor_Littlemount_Kilambakkam","Littlemount_Kilambakkam",29,958.610,12.90242327,80.09347814,12.89549662,80.08816943,12.89897470,80.09080406,False,"Continuous",NULL,0,"2026-07-08 11:48:43.798487+00","2026-07-08 11:48:43.797974+00"
"LITTLEMOUNT_KILAMBAKKAM_030","Corridor_Littlemount_Kilambakkam","Littlemount_Kilambakkam",30,690.070,12.89549662,80.08816943,12.89028843,80.08476126,12.89299608,80.08627456,False,"Continuous",NULL,0,"2026-07-08 11:48:43.798487+00","2026-07-08 11:48:43.797974+00"
"LITTLEMOUNT_KILAMBAKKAM_031","Corridor_Littlemount_Kilambakkam","Littlemount_Kilambakkam",31,733.730,12.89028843,80.08476126,12.88415792,80.08218734,12.88722017,80.08348017,False,"Continuous",NULL,0,"2026-07-08 11:48:43.798487+00","2026-07-08 11:48:43.797975+00"
"LITTLEMOUNT_KILAMBAKKAM_032","Corridor_Littlemount_Kilambakkam","Littlemount_Kilambakkam",32,1216.450,12.88415792,80.08218734,12.87390000,80.07820000,12.87903467,80.08015300,False,"Continuous",NULL,0,"2026-07-08 11:48:43.798487+00","2026-07-08 11:48:43.797976+00"
"LITTLEMOUNT_KILAMBAKKAM(AT_GRADE_BELOWFLYOVER)_001","Corridor_Littlemount_Kilambakkam","Littlemount_Kilambakkam",1,426.910,12.96396838,80.14735412,12.96735711,80.14921759,12.96562429,80.14834855,False,"Continuous",NULL,0,"2026-07-08 11:48:43.798487+00","2026-07-08 11:48:43.797944+00"
"LITTLEMOUNT_KILAMBAKKAM(AT_GRADE_BELOWFLYOVER)_002","Corridor_Littlemount_Kilambakkam","Littlemount_Kilambakkam",2,592.620,12.96735711,80.14921759,12.97216518,80.15159456,12.96980187,80.15033536,False,"Continuous",NULL,0,"2026-07-08 11:48:43.798487+00","2026-07-08 11:48:43.797945+00"
"LITTLEMOUNT_KILAMBAKKAM(AT_GRADE_BELOWFLYOVER)_003","Corridor_Littlemount_Kilambakkam","Littlemount_Kilambakkam",3,213.960,12.97216518,80.15159456,12.97330118,80.15318831,12.97275792,80.15237297,False,"Continuous",NULL,0,"2026-07-08 11:48:43.798487+00","2026-07-08 11:48:43.797946+00"
"LITTLEMOUNT_KILAMBAKKAM(AT_GRADE_BELOWFLYOVER)_004","Corridor_Littlemount_Kilambakkam","Littlemount_Kilambakkam",4,320.320,12.97330118,80.15318831,12.97494309,80.15562029,12.97410033,80.15441914,False,"Continuous",NULL,0,"2026-07-08 11:48:43.798487+00","2026-07-08 11:48:43.797947+00"
"LITTLEMOUNT_KILAMBAKKAM(AT_GRADE_BELOWFLYOVER)_005","Corridor_Littlemount_Kilambakkam","Littlemount_Kilambakkam",5,514.490,12.87476666,80.07861151,12.87909759,80.08033969,12.87692976,80.07948082,False,"Broken",NULL,0,"2026-07-08 11:48:43.798487+00","2026-07-08 11:48:43.797948+00"
"LITTLEMOUNT_KILAMBAKKAM(AT_GRADE_BELOWFLYOVER)_006","Corridor_Littlemount_Kilambakkam","Littlemount_Kilambakkam",6,644.680,12.87909759,80.08033969,12.88455324,80.08235435,12.88180304,80.08143909,False,"Broken",NULL,0,"2026-07-08 11:48:43.798487+00","2026-07-08 11:48:43.797949+00"
"PALLAVARAM_THORAIPAKKAM_001","Thoraipakkam-Pallavaram","Thoraipakkam-Pallavaram",1,539.290,12.96040000,80.14565000,12.95880126,80.15018674,12.95986549,80.14806600,False,"Continuous",NULL,0,"2026-07-08 11:48:43.798487+00","2026-07-08 11:48:43.79815+00"
"PALLAVARAM_THORAIPAKKAM_002","Thoraipakkam-Pallavaram","Thoraipakkam-Pallavaram",2,1109.930,12.95880126,80.15018674,12.95455553,80.15893175,12.95560748,80.15395906,False,"Continuous",NULL,0,"2026-07-08 11:48:43.798487+00","2026-07-08 11:48:43.798151+00"
"PALLAVARAM_THORAIPAKKAM_003","Thoraipakkam-Pallavaram","Thoraipakkam-Pallavaram",3,1714.150,12.95455553,80.15893175,12.95132081,80.17437628,12.95290614,80.16665083,False,"Continuous",NULL,0,"2026-07-08 11:48:43.798487+00","2026-07-08 11:48:43.798151+00"
"PALLAVARAM_THORAIPAKKAM_004","Thoraipakkam-Pallavaram","Thoraipakkam-Pallavaram",4,768.890,12.95132081,80.17437628,12.94976423,80.18127886,12.95052067,80.17782420,False,"Continuous",NULL,0,"2026-07-08 11:48:43.798487+00","2026-07-08 11:48:43.798152+00"
"PALLAVARAM_THORAIPAKKAM_005","Thoraipakkam-Pallavaram","Thoraipakkam-Pallavaram",5,791.560,12.94976423,80.18127886,12.94892523,80.18849407,12.94934161,80.18489172,False,"Continuous",NULL,0,"2026-07-08 11:48:43.798487+00","2026-07-08 11:48:43.798153+00"
"PALLAVARAM_THORAIPAKKAM_006","Thoraipakkam-Pallavaram","Thoraipakkam-Pallavaram",6,1134.400,12.94892523,80.18849407,12.94862009,80.19893339,12.94862847,80.19371039,False,"Continuous",NULL,0,"2026-07-08 11:48:43.798487+00","2026-07-08 11:48:43.798153+00"
"PALLAVARAM_THORAIPAKKAM_007","Thoraipakkam-Pallavaram","Thoraipakkam-Pallavaram",7,1224.110,12.94862009,80.19893339,12.94851966,80.21020300,12.94878151,80.20457227,False,"Continuous",NULL,0,"2026-07-08 11:48:43.798487+00","2026-07-08 11:48:43.798154+00"
"PALLAVARAM_THORAIPAKKAM_008","Thoraipakkam-Pallavaram","Thoraipakkam-Pallavaram",8,1139.280,12.94851966,80.21020300,12.94934223,80.22066005,12.94881205,80.21544016,False,"Continuous",NULL,0,"2026-07-08 11:48:43.798487+00","2026-07-08 11:48:43.798155+00"
"PALLAVARAM_THORAIPAKKAM_009","Thoraipakkam-Pallavaram","Thoraipakkam-Pallavaram",9,1138.090,12.94934223,80.22066005,12.94995008,80.23113149,12.94965000,80.22589481,False,"Continuous",NULL,0,"2026-07-08 11:48:43.798487+00","2026-07-08 11:48:43.798155+00"
"PALLAVARAM_THORAIPAKKAM_010","Thoraipakkam-Pallavaram","Thoraipakkam-Pallavaram",10,1043.650,12.94995008,80.23113149,12.94919000,80.24066000,12.94993337,80.23592191,False,"Continuous",NULL,0,"2026-07-08 11:48:43.798487+00","2026-07-08 11:48:43.798156+00"
"PALLAVARAM_THORAIPAKKAM_AT_GRADE_001","Thoraipakkam-Pallavaram","Thoraipakkam-Pallavaram",1,438.560,12.94976423,80.18127886,12.94918101,80.18527469,12.94941713,80.18326828,False,"Continuous",NULL,0,"2026-07-08 11:48:43.798487+00","2026-07-08 11:48:43.798157+00"
"PALLAVARAM_THORAIPAKKAM_AT_GRADE_002","Thoraipakkam-Pallavaram","Thoraipakkam-Pallavaram",2,350.390,12.94918101,80.18527469,12.94892523,80.18849407,12.94905892,80.18688473,False,"Continuous",NULL,0,"2026-07-08 11:48:43.798487+00","2026-07-08 11:48:43.798158+00"
"PUZHAL_CENTRAL_001","Puzhal-Central","Puzhal-Central",1,300.710,13.15845000,80.20383000,13.15608995,80.20518404,13.15721738,80.20441435,False,"Continuous",NULL,0,"2026-07-08 11:48:43.798487+00","2026-07-08 11:48:43.798121+00"
"PUZHAL_CENTRAL_002","Puzhal-Central","Puzhal-Central",2,1418.900,13.15608995,80.20518404,13.14808007,80.21537887,13.15196096,80.21017467,False,"Continuous",NULL,0,"2026-07-08 11:48:43.798487+00","2026-07-08 11:48:43.798124+00"
"PUZHAL_CENTRAL_003","Puzhal-Central","Puzhal-Central",3,592.340,13.14808007,80.21537887,13.14498153,80.21981941,13.14650234,80.21758688,False,"Continuous",NULL,0,"2026-07-08 11:48:43.798487+00","2026-07-08 11:48:43.798125+00"
"PUZHAL_CENTRAL_004","Puzhal-Central","Puzhal-Central",4,178.950,13.14498153,80.21981941,13.14411687,80.22089522,13.14484529,80.22055471,False,"Continuous",NULL,0,"2026-07-08 11:48:43.798487+00","2026-07-08 11:48:43.798125+00"
"PUZHAL_CENTRAL_005","Puzhal-Central","Puzhal-Central",5,1328.130,13.14411687,80.22089522,13.13689211,80.23067683,13.14050348,80.22578401,False,"Continuous",NULL,0,"2026-07-08 11:48:43.798487+00","2026-07-08 11:48:43.798126+00"
"PUZHAL_CENTRAL_006","Puzhal-Central","Puzhal-Central",6,475.970,13.13689211,80.23067683,13.13429332,80.23417571,13.13560497,80.23243524,False,"Continuous",NULL,0,"2026-07-08 11:48:43.798487+00","2026-07-08 11:48:43.798127+00"
"PUZHAL_CENTRAL_007","Puzhal-Central","Puzhal-Central",7,378.840,13.13429332,80.23417571,13.13227208,80.23699694,13.13328532,80.23558814,False,"Continuous",NULL,0,"2026-07-08 11:48:43.798487+00","2026-07-08 11:48:43.79813+00"
"PUZHAL_CENTRAL_008","Puzhal-Central","Puzhal-Central",8,272.530,13.13227208,80.23699694,13.13083103,80.23903456,13.13156236,80.23802369,False,"Continuous",NULL,0,"2026-07-08 11:48:43.798487+00","2026-07-08 11:48:43.79813+00"
"PUZHAL_CENTRAL_009","Puzhal-Central","Puzhal-Central",9,694.920,13.13083103,80.23903456,13.12712138,80.24420408,13.12894905,80.24160143,False,"Continuous",NULL,0,"2026-07-08 11:48:43.798487+00","2026-07-08 11:48:43.798131+00"
"PUZHAL_CENTRAL_010","Puzhal-Central","Puzhal-Central",10,577.380,13.12712138,80.24420408,13.12371150,80.24822828,13.12549717,80.24628585,False,"Continuous",NULL,0,"2026-07-08 11:48:43.798487+00","2026-07-08 11:48:43.798132+00"
"PUZHAL_CENTRAL_011","Puzhal-Central","Puzhal-Central",11,245.570,13.12371150,80.24822828,13.12257241,80.25012363,13.12298424,80.24908767,False,"Continuous",NULL,0,"2026-07-08 11:48:43.798487+00","2026-07-08 11:48:43.798132+00"
"PUZHAL_CENTRAL_012","Puzhal-Central","Puzhal-Central",12,164.410,13.12257241,80.25012363,13.12198411,80.25151645,13.12227719,80.25081956,False,"Continuous",NULL,0,"2026-07-08 11:48:43.798487+00","2026-07-08 11:48:43.798133+00"
"PUZHAL_CENTRAL_013","Puzhal-Central","Puzhal-Central",13,355.390,13.12198411,80.25151645,13.12068480,80.25443680,13.12156170,80.25309021,False,"Continuous",NULL,0,"2026-07-08 11:48:43.798487+00","2026-07-08 11:48:43.798134+00"
"PUZHAL_CENTRAL_014","Puzhal-Central","Puzhal-Central",14,206.220,13.12068480,80.25443680,13.11951802,80.25590956,13.12004023,80.25512453,False,"Continuous",NULL,0,"2026-07-08 11:48:43.798487+00","2026-07-08 11:48:43.798134+00"
"PUZHAL_CENTRAL_015","Puzhal-Central","Puzhal-Central",15,397.060,13.11951802,80.25590956,13.11844895,80.25937632,13.11882281,80.25758762,False,"Continuous",NULL,0,"2026-07-08 11:48:43.798487+00","2026-07-08 11:48:43.798135+00"
"PUZHAL_CENTRAL_016","Puzhal-Central","Puzhal-Central",16,744.370,13.11844895,80.25937632,13.11411000,80.26361698,13.11715869,80.26231983,False,"Continuous",NULL,0,"2026-07-08 11:48:43.798487+00","2026-07-08 11:48:43.798136+00"
"PUZHAL_CENTRAL_017","Puzhal-Central","Puzhal-Central",17,224.150,13.11411000,80.26361698,13.11414000,80.26568265,13.11414000,80.26464880,False,"Continuous",NULL,0,"2026-07-08 11:48:43.798487+00","2026-07-08 11:48:43.798137+00"
"PUZHAL_CENTRAL_018","Puzhal-Central","Puzhal-Central",18,1301.070,13.11414000,80.26568265,13.10452386,80.27141767,13.10890137,80.26752863,False,"Continuous",NULL,0,"2026-07-08 11:48:43.798487+00","2026-07-08 11:48:43.798137+00"
"PUZHAL_CENTRAL_019","Puzhal-Central","Puzhal-Central",19,260.360,13.10452386,80.27141767,13.10398914,80.27358309,13.10393612,80.27241776,False,"Continuous",NULL,0,"2026-07-08 11:48:43.798487+00","2026-07-08 11:48:43.798138+00"
"PUZHAL_CENTRAL_020","Puzhal-Central","Puzhal-Central",20,249.240,13.10398914,80.27358309,13.10192337,80.27445840,13.10293927,80.27396306,False,"Continuous",NULL,0,"2026-07-08 11:48:43.798487+00","2026-07-08 11:48:43.798139+00"
"PUZHAL_CENTRAL_021","Puzhal-Central","Puzhal-Central",21,304.240,13.10192337,80.27445840,13.09930791,80.27527564,13.10064905,80.27498168,False,"Continuous",NULL,0,"2026-07-08 11:48:43.798487+00","2026-07-08 11:48:43.798139+00"
"PUZHAL_CENTRAL_022","Puzhal-Central","Puzhal-Central",22,205.660,13.09930791,80.27527564,13.09744884,80.27526996,13.09837835,80.27528891,False,"Continuous",NULL,0,"2026-07-08 11:48:43.798487+00","2026-07-08 11:48:43.79814+00"
"PUZHAL_CENTRAL_023","Puzhal-Central","Puzhal-Central",23,208.970,13.09744884,80.27526996,13.09556003,80.27524895,13.09650448,80.27524605,False,"Continuous",NULL,0,"2026-07-08 11:48:43.798487+00","2026-07-08 11:48:43.798141+00"
"PUZHAL_CENTRAL_024","Puzhal-Central","Puzhal-Central",24,351.620,13.09556003,80.27524895,13.09238176,80.27530000,13.09397037,80.27525000,False,"Continuous",NULL,0,"2026-07-08 11:48:43.798487+00","2026-07-08 11:48:43.798141+00"
"PUZHAL_CENTRAL_025","Puzhal-Central","Puzhal-Central",25,100.230,13.09238176,80.27530000,13.09147642,80.27526011,13.09192905,80.27528164,False,"Continuous",NULL,0,"2026-07-08 11:48:43.798487+00","2026-07-08 11:48:43.798142+00"
"PUZHAL_CENTRAL_026","Puzhal-Central","Puzhal-Central",26,536.730,13.09147642,80.27526011,13.08665000,80.27575000,13.08905941,80.27546125,False,"Continuous",NULL,0,"2026-07-08 11:48:43.798487+00","2026-07-08 11:48:43.798143+00"
"PUZHAL_CENTRAL_027","Puzhal-Central","Puzhal-Central",27,522.690,13.08665000,80.27575000,13.08196000,80.27633000,13.08430134,80.27601164,False,"Continuous",NULL,0,"2026-07-08 11:48:43.798487+00","2026-07-08 11:48:43.798145+00"
"PUZHAL_CENTRAL_ATGRADE_001","Puzhal-Central","Puzhal-Central",1,335.150,13.13083253,80.23904876,13.12906563,80.24155616,13.12996359,80.24031060,False,"Continuous",NULL,0,"2026-07-08 11:48:43.798487+00","2026-07-08 11:48:43.798146+00"
"PUZHAL_CENTRAL_ATGRADE_002","Puzhal-Central","Puzhal-Central",2,358.940,13.12906563,80.24155616,13.12712669,80.24420122,13.12814051,80.24291490,False,"Continuous",NULL,0,"2026-07-08 11:48:43.798487+00","2026-07-08 11:48:43.798147+00"
"PUZHAL_CENTRAL_ATGRADE_003","Puzhal-Central","Puzhal-Central",3,415.400,13.10722383,80.26929271,13.10994910,80.26666599,13.10857834,80.26797240,False,"Broken",NULL,0,"2026-07-08 11:48:43.798487+00","2026-07-08 11:48:43.798148+00"
"PUZHAL_CENTRAL_ATGRADE_004","Puzhal-Central","Puzhal-Central",4,378.280,13.11077055,80.26572028,13.11413901,80.26569489,13.11247577,80.26577578,False,"Broken",NULL,0,"2026-07-08 11:48:43.798487+00","2026-07-08 11:48:43.798148+00"
"PUZHAL_CENTRAL_ATGRADE_005","Puzhal-Central","Puzhal-Central",5,140.610,13.10994910,80.26666599,13.11077055,80.26572028,13.11027849,80.26613323,False,"Broken",NULL,0,"2026-07-08 11:48:43.798487+00","2026-07-08 11:48:43.798149+00"
"TAMBARAM_GUINDY_001","Guindy-Tambaram","Guindy-Tambaram",1,1091.650,12.92418000,80.11576000,12.92306828,80.12571080,12.92331775,80.12068846,False,"Continuous",NULL,0,"2026-07-08 11:48:43.798487+00","2026-07-08 11:48:43.798067+00"
"TAMBARAM_GUINDY_002","Guindy-Tambaram","Guindy-Tambaram",2,188.950,12.92306828,80.12571080,12.92298000,80.12745000,12.92301959,80.12658024,False,"Continuous",NULL,0,"2026-07-08 11:48:43.798487+00","2026-07-08 11:48:43.798067+00"
"TAMBARAM_GUINDY_003","Guindy-Tambaram","Guindy-Tambaram",3,384.220,12.92298000,80.12745000,12.92282000,80.13098650,12.92288919,80.12921809,False,"Continuous",NULL,0,"2026-07-08 11:48:43.798487+00","2026-07-08 11:48:43.798068+00"
"TAMBARAM_GUINDY_004","Guindy-Tambaram","Guindy-Tambaram",4,180.220,12.92282000,80.13098650,12.92273873,80.13264418,12.92280580,80.13181685,False,"Continuous",NULL,0,"2026-07-08 11:48:43.798487+00","2026-07-08 11:48:43.798069+00"
"TAMBARAM_GUINDY_005","Guindy-Tambaram","Guindy-Tambaram",5,262.370,12.92273873,80.13264418,12.92263998,80.13506017,12.92268458,80.13385208,False,"Continuous",NULL,0,"2026-07-08 11:48:43.798487+00","2026-07-08 11:48:43.79807+00"
"TAMBARAM_GUINDY_006","Guindy-Tambaram","Guindy-Tambaram",6,581.150,12.92263998,80.13506017,12.92244952,80.14040827,12.92250941,80.13773416,False,"Continuous",NULL,0,"2026-07-08 11:48:43.798487+00","2026-07-08 11:48:43.798071+00"
"TAMBARAM_GUINDY_007","Guindy-Tambaram","Guindy-Tambaram",7,294.720,12.92244952,80.14040827,12.92254203,80.14312231,12.92248000,80.14176600,False,"Continuous",NULL,0,"2026-07-08 11:48:43.798487+00","2026-07-08 11:48:43.798071+00"
"TAMBARAM_GUINDY_008","Guindy-Tambaram","Guindy-Tambaram",8,471.410,12.92254203,80.14312231,12.92266000,80.14746418,12.92261416,80.14529311,False,"Continuous",NULL,0,"2026-07-08 11:48:43.798487+00","2026-07-08 11:48:43.798072+00"
"TAMBARAM_GUINDY_009","Guindy-Tambaram","Guindy-Tambaram",9,476.910,12.92266000,80.14746418,12.92277000,80.15185466,12.92271687,80.14965831,False,"Continuous",NULL,0,"2026-07-08 11:48:43.798487+00","2026-07-08 11:48:43.798073+00"
"TAMBARAM_GUINDY_010","Guindy-Tambaram","Guindy-Tambaram",10,352.970,12.92277000,80.15185466,12.92352002,80.15501009,12.92312369,80.15343431,False,"Continuous",NULL,0,"2026-07-08 11:48:43.798487+00","2026-07-08 11:48:43.798074+00"
"TAMBARAM_GUINDY_011","Guindy-Tambaram","Guindy-Tambaram",11,607.450,12.92352002,80.15501009,12.92326601,80.16054276,12.92361877,80.15777477,False,"Continuous",NULL,0,"2026-07-08 11:48:43.798487+00","2026-07-08 11:48:43.798074+00"
"TAMBARAM_GUINDY_012","Guindy-Tambaram","Guindy-Tambaram",12,251.260,12.92326601,80.16054276,12.92255000,80.16274000,12.92291258,80.16164303,False,"Continuous",NULL,0,"2026-07-08 11:48:43.798487+00","2026-07-08 11:48:43.798075+00"
"TAMBARAM_GUINDY_013","Guindy-Tambaram","Guindy-Tambaram",13,590.360,12.92255000,80.16274000,12.92089000,80.16791000,12.92172603,80.16532656,False,"Continuous",NULL,0,"2026-07-08 11:48:43.798487+00","2026-07-08 11:48:43.798076+00"
"TAMBARAM_GUINDY_014","Guindy-Tambaram","Guindy-Tambaram",14,398.920,12.92089000,80.16791000,12.91978296,80.17140890,12.92033171,80.16965820,False,"Continuous",NULL,0,"2026-07-08 11:48:43.798487+00","2026-07-08 11:48:43.798076+00"
"TAMBARAM_GUINDY_015","Guindy-Tambaram","Guindy-Tambaram",15,583.360,12.91978296,80.17140890,12.91845009,80.17660947,12.91907849,80.17400007,False,"Continuous",NULL,0,"2026-07-08 11:48:43.798487+00","2026-07-08 11:48:43.798077+00"
"TAMBARAM_GUINDY_016","Guindy-Tambaram","Guindy-Tambaram",16,274.300,12.91845009,80.17660947,12.91893580,80.17891496,12.91828486,80.17785374,False,"Continuous",NULL,0,"2026-07-08 11:48:43.798487+00","2026-07-08 11:48:43.798078+00"
"TAMBARAM_GUINDY_017","Guindy-Tambaram","Guindy-Tambaram",17,184.810,12.91893580,80.17891496,12.91953959,80.18047817,12.91933057,80.17965559,False,"Continuous",NULL,0,"2026-07-08 11:48:43.798487+00","2026-07-08 11:48:43.798079+00"
"TAMBARAM_GUINDY_018","Guindy-Tambaram","Guindy-Tambaram",18,2103.240,12.91953959,80.18047817,12.92073486,80.19676455,12.91797793,80.18910325,False,"Continuous",NULL,0,"2026-07-08 11:48:43.798487+00","2026-07-08 11:48:43.798079+00"
"TAMBARAM_GUINDY_019","Guindy-Tambaram","Guindy-Tambaram",19,175.920,12.92073486,80.19676455,12.92224793,80.19725436,12.92148993,80.19701767,False,"Continuous",NULL,0,"2026-07-08 11:48:43.798487+00","2026-07-08 11:48:43.79808+00"
"TAMBARAM_GUINDY_020","Guindy-Tambaram","Guindy-Tambaram",20,430.670,12.92224793,80.19725436,12.92612931,80.19747993,12.92418306,80.19744000,False,"Continuous",NULL,0,"2026-07-08 11:48:43.798487+00","2026-07-08 11:48:43.798081+00"
"TAMBARAM_GUINDY_021","Guindy-Tambaram","Guindy-Tambaram",21,603.420,12.92612931,80.19747993,12.92858902,80.20182780,12.92816958,80.19911974,False,"Continuous",NULL,0,"2026-07-08 11:48:43.798487+00","2026-07-08 11:48:43.798084+00"
"TAMBARAM_GUINDY_022","Guindy-Tambaram","Guindy-Tambaram",22,587.040,12.92858902,80.20182780,12.93312764,80.20366334,12.93059323,80.20285930,False,"Continuous",NULL,0,"2026-07-08 11:48:43.798487+00","2026-07-08 11:48:43.798084+00"
"TAMBARAM_GUINDY_023","Guindy-Tambaram","Guindy-Tambaram",23,128.180,12.93312764,80.20366334,12.93425647,80.20389301,12.93368246,80.20382332,False,"Continuous",NULL,0,"2026-07-08 11:48:43.798487+00","2026-07-08 11:48:43.798085+00"
"TAMBARAM_GUINDY_024","Guindy-Tambaram","Guindy-Tambaram",24,470.780,12.93425647,80.20389301,12.93833413,80.20506589,12.93627220,80.20452862,False,"Continuous",NULL,0,"2026-07-08 11:48:43.798487+00","2026-07-08 11:48:43.798086+00"
"TAMBARAM_GUINDY_025","Guindy-Tambaram","Guindy-Tambaram",25,560.400,12.93833413,80.20506589,12.94280787,80.20728484,12.94076097,80.20582340,False,"Continuous",NULL,0,"2026-07-08 11:48:43.798487+00","2026-07-08 11:48:43.798086+00"
"TAMBARAM_GUINDY_026","Guindy-Tambaram","Guindy-Tambaram",26,182.410,12.94280787,80.20728484,12.94412000,80.20823000,12.94336384,80.20789030,False,"Continuous",NULL,0,"2026-07-08 11:48:43.798487+00","2026-07-08 11:48:43.798087+00"
"TAMBARAM_GUINDY_027","Guindy-Tambaram","Guindy-Tambaram",27,848.340,12.94412000,80.20823000,12.95127748,80.21103299,12.94769938,80.20963156,False,"Continuous",NULL,0,"2026-07-08 11:48:43.798487+00","2026-07-08 11:48:43.798088+00"
"TAMBARAM_GUINDY_028","Guindy-Tambaram","Guindy-Tambaram",28,249.470,12.95127748,80.21103299,12.95337432,80.21187048,12.95232462,80.21145487,False,"Continuous",NULL,0,"2026-07-08 11:48:43.798487+00","2026-07-08 11:48:43.798088+00"
"TAMBARAM_GUINDY_029","Guindy-Tambaram","Guindy-Tambaram",29,709.750,12.95337432,80.21187048,12.95934941,80.21424979,12.95636759,80.21304671,False,"Continuous",NULL,0,"2026-07-08 11:48:43.798487+00","2026-07-08 11:48:43.798089+00"
"TAMBARAM_GUINDY_030","Guindy-Tambaram","Guindy-Tambaram",30,489.000,12.95934941,80.21424979,12.96346548,80.21589420,12.96140059,80.21508845,False,"Continuous",NULL,0,"2026-07-08 11:48:43.798487+00","2026-07-08 11:48:43.79809+00"
"TAMBARAM_GUINDY_031","Guindy-Tambaram","Guindy-Tambaram",31,1016.400,12.96346548,80.21589420,12.97203133,80.21927711,12.96774001,80.21760600,False,"Continuous",NULL,0,"2026-07-08 11:48:43.798487+00","2026-07-08 11:48:43.798091+00"
"TAMBARAM_GUINDY_032","Guindy-Tambaram","Guindy-Tambaram",32,403.360,12.97203133,80.21927711,12.97541282,80.22045859,12.97372988,80.21994994,False,"Continuous",NULL,0,"2026-07-08 11:48:43.798487+00","2026-07-08 11:48:43.798091+00"
"TAMBARAM_GUINDY_033","Guindy-Tambaram","Guindy-Tambaram",33,319.510,12.97541282,80.22045859,12.97801279,80.21922101,12.97666720,80.21976078,False,"Continuous",NULL,0,"2026-07-08 11:48:43.798487+00","2026-07-08 11:48:43.798092+00"
"TAMBARAM_GUINDY_034","Guindy-Tambaram","Guindy-Tambaram",34,1076.360,12.97801279,80.21922101,12.98744937,80.21827977,12.98262864,80.21786137,False,"Continuous",NULL,0,"2026-07-08 11:48:43.798487+00","2026-07-08 11:48:43.798093+00"
"TAMBARAM_GUINDY_035","Guindy-Tambaram","Guindy-Tambaram",35,242.910,12.98744937,80.21827977,12.98955829,80.21888265,12.98852217,80.21852127,False,"Continuous",NULL,0,"2026-07-08 11:48:43.798487+00","2026-07-08 11:48:43.798094+00"
"TAMBARAM_GUINDY_036","Guindy-Tambaram","Guindy-Tambaram",36,229.870,12.98955829,80.21888265,12.99150992,80.21957989,12.99054740,80.21920912,False,"Continuous",NULL,0,"2026-07-08 11:48:43.798487+00","2026-07-08 11:48:43.798095+00"
"TAMBARAM_GUINDY_037","Guindy-Tambaram","Guindy-Tambaram",37,734.520,12.99150992,80.21957989,12.99725366,80.21648020,12.99421177,80.21762503,False,"Continuous",NULL,0,"2026-07-08 11:48:43.798487+00","2026-07-08 11:48:43.798095+00"
"TAMBARAM_GUINDY_038","Guindy-Tambaram","Guindy-Tambaram",38,1165.270,12.99725366,80.21648020,13.00669426,80.22067213,13.00188889,80.21884693,False,"Continuous",NULL,0,"2026-07-08 11:48:43.798487+00","2026-07-08 11:48:43.798096+00"
"TAMBARAM_GUINDY_039","Guindy-Tambaram","Guindy-Tambaram",39,585.350,13.00669426,80.22067213,13.01138000,80.22314000,13.00903257,80.22192791,False,"Continuous",NULL,0,"2026-07-08 11:48:43.798487+00","2026-07-08 11:48:43.798097+00"
"THORAIPAKKAM_PALLAVARM_001","Thoraipakkam-Pallavaram","Thoraipakkam-Pallavaram",1,1036.190,12.94882000,80.24049000,12.94986927,80.23111875,12.94979624,80.23586921,False,"Continuous",NULL,0,"2026-07-08 11:48:43.798487+00","2026-07-08 11:48:43.798158+00"
"THORAIPAKKAM_PALLAVARM_002","Thoraipakkam-Pallavaram","Thoraipakkam-Pallavaram",2,1136.110,12.94986927,80.23111875,12.94926146,80.22066603,12.94957000,80.22589144,False,"Continuous",NULL,0,"2026-07-08 11:48:43.798487+00","2026-07-08 11:48:43.798159+00"
"THORAIPAKKAM_PALLAVARM_003","Thoraipakkam-Pallavaram","Thoraipakkam-Pallavaram",3,1141.100,12.94926146,80.22066603,12.94840902,80.21019340,12.94873103,80.21543824,False,"Continuous",NULL,0,"2026-07-08 11:48:43.798487+00","2026-07-08 11:48:43.79816+00"
"THORAIPAKKAM_PALLAVARM_004","Thoraipakkam-Pallavaram","Thoraipakkam-Pallavaram",4,1225.630,12.94840902,80.21019340,12.94851024,80.19891563,12.94869966,80.20455933,False,"Continuous",NULL,0,"2026-07-08 11:48:43.798487+00","2026-07-08 11:48:43.79816+00"
"THORAIPAKKAM_PALLAVARM_005","Thoraipakkam-Pallavaram","Thoraipakkam-Pallavaram",5,1141.900,12.94851024,80.19891563,12.94883360,80.18840093,12.94852895,80.19365304,False,"Continuous",NULL,0,"2026-07-08 11:48:43.798487+00","2026-07-08 11:48:43.798161+00"
"THORAIPAKKAM_PALLAVARM_006","Thoraipakkam-Pallavaram","Thoraipakkam-Pallavaram",6,785.180,12.94883360,80.18840093,12.94967858,80.18122746,12.94911945,80.18479456,True,"Continuous",NULL,0,"2026-07-08 11:48:43.798487+00","2026-07-08 11:48:43.798162+00"
"THORAIPAKKAM_PALLAVARM_007","Thoraipakkam-Pallavaram","Thoraipakkam-Pallavaram",7,767.720,12.94967858,80.18122746,12.95125446,80.17434128,12.95043750,80.17777688,False,"Continuous",NULL,0,"2026-07-08 11:48:43.798487+00","2026-07-08 11:48:43.798162+00"
"THORAIPAKKAM_PALLAVARM_008","Thoraipakkam-Pallavaram","Thoraipakkam-Pallavaram",8,1711.760,12.95125446,80.17434128,12.95444531,80.15890812,12.95280797,80.16661810,False,"Continuous",NULL,0,"2026-07-08 11:48:43.798487+00","2026-07-08 11:48:43.798163+00"
"THORAIPAKKAM_PALLAVARM_009","Thoraipakkam-Pallavaram","Thoraipakkam-Pallavaram",9,1115.210,12.95444531,80.15890812,12.95874267,80.15012388,12.95552818,80.15390940,False,"Continuous",NULL,0,"2026-07-08 11:48:43.798487+00","2026-07-08 11:48:43.798166+00"
"THORAIPAKKAM_PALLAVARM_010","Thoraipakkam-Pallavaram","Thoraipakkam-Pallavaram",10,539.760,12.95874267,80.15012388,12.96031000,80.14558000,12.95979700,80.14800499,False,"Continuous",NULL,0,"2026-07-08 11:48:43.798487+00","2026-07-08 11:48:43.798166+00"
"THORAIPAKKAM_PALLAVARM_AT_GRADE_001","Thoraipakkam-Pallavaram","Thoraipakkam-Pallavaram",1,442.700,12.94967858,80.18122746,12.94911120,80.18526487,12.94934187,80.18323923,False,"Continuous",NULL,0,"2026-07-08 11:48:43.798487+00","2026-07-08 11:48:43.798167+00"
"THORAIPAKKAM_PALLAVARM_AT_GRADE_002","Thoraipakkam-Pallavaram","Thoraipakkam-Pallavaram",2,341.740,12.94911120,80.18526487,12.94883360,80.18840093,12.94899873,80.18683565,False,"Continuous",NULL,0,"2026-07-08 11:48:43.798487+00","2026-07-08 11:48:43.798168+00"
